timestamp,person_id,dwell_sec,zone_id,camera_id,source_video
3/23/2026 10:59,4,20.59,Brooklyn + Signage,coach2,Coach-2-hour-1-20260323095957.mp4
3/23/2026 10:47,10,775.03,Brooklyn + Signage,coach2,Coach-2-hour-1-20260323095957.mp4
3/23/2026 10:33,11,439.74,Brooklyn + Signage,coach2,Coach-2-hour-1-20260323095957.mp4
3/23/2026 10:23,19,1965.6,Brooklyn + Signage,coach2,Coach-2-hour-1-20260323095957.mp4
3/23/2026 10:36,22,724.84,Brooklyn + Signage,coach2,Coach-2-hour-1-20260323095957.mp4
3/23/2026 10:08,28,40.99,Brooklyn + Signage,coach2,Coach-2-hour-1-20260323095957.mp4
3/23/2026 10:41,32,14.89,Brooklyn + Signage,coach2,Coach-2-hour-1-20260323095957.mp4
3/23/2026 10:11,37,113.36,Brooklyn + Signage,coach2,Coach-2-hour-1-20260323095957.mp4
3/23/2026 10:14,46,14.0,Brooklyn + Signage,coach2,Coach-2-hour-1-20260323095957.mp4
3/23/2026 10:58,54,83.37,Brooklyn + Signage,coach2,Coach-2-hour-1-20260323095957.mp4
3/23/2026 10:20,62,2284.49,Brooklyn + Signage,coach2,Coach-2-hour-1-20260323095957.mp4
3/23/2026 10:30,74,186.03,Brooklyn + Signage,coach2,Coach-2-hour-1-20260323095957.mp4
3/23/2026 10:23,82,11.0,Brooklyn + Signage,coach2,Coach-2-hour-1-20260323095957.mp4
3/23/2026 10:58,83,1.7,Brooklyn + Signage,coach2,Coach-2-hour-1-20260323095957.mp4
3/23/2026 10:22,85,0.1,Brooklyn + Signage,coach2,Coach-2-hour-1-20260323095957.mp4
3/23/2026 10:35,88,1368.02,Brooklyn + Signage,coach2,Coach-2-hour-1-20260323095957.mp4
3/23/2026 10:48,91,3.2,Brooklyn + Signage,coach2,Coach-2-hour-1-20260323095957.mp4
3/23/2026 10:49,99,50.78,Brooklyn + Signage,coach2,Coach-2-hour-1-20260323095957.mp4
3/23/2026 10:33,128,1605.63,Brooklyn + Signage,coach2,Coach-2-hour-1-20260323095957.mp4
3/23/2026 10:36,132,3.5,Brooklyn + Signage,coach2,Coach-2-hour-1-20260323095957.mp4
3/23/2026 10:32,135,8.0,Brooklyn + Signage,coach2,Coach-2-hour-1-20260323095957.mp4
3/23/2026 10:51,136,0.5,Brooklyn + Signage,coach2,Coach-2-hour-1-20260323095957.mp4
3/23/2026 10:33,140,2.5,Brooklyn + Signage,coach2,Coach-2-hour-1-20260323095957.mp4
3/23/2026 10:34,148,0.1,Brooklyn + Signage,coach2,Coach-2-hour-1-20260323095957.mp4
3/23/2026 10:45,159,55.98,Brooklyn + Signage,coach2,Coach-2-hour-1-20260323095957.mp4
3/23/2026 10:36,161,2.3,Brooklyn + Signage,coach2,Coach-2-hour-1-20260323095957.mp4
3/23/2026 10:37,172,2.1,Brooklyn + Signage,coach2,Coach-2-hour-1-20260323095957.mp4
3/23/2026 10:53,179,8.5,Brooklyn + Signage,coach2,Coach-2-hour-1-20260323095957.mp4
3/23/2026 10:42,201,402.66,Brooklyn + Signage,coach2,Coach-2-hour-1-20260323095957.mp4
3/23/2026 10:47,204,553.0,Brooklyn + Signage,coach2,Coach-2-hour-1-20260323095957.mp4
3/23/2026 10:43,208,32.19,Brooklyn + Signage,coach2,Coach-2-hour-1-20260323095957.mp4
3/23/2026 10:52,213,77.67,Brooklyn + Signage,coach2,Coach-2-hour-1-20260323095957.mp4
3/23/2026 10:54,235,165.54,Brooklyn + Signage,coach2,Coach-2-hour-1-20260323095957.mp4
3/23/2026 10:51,266,0.2,Brooklyn + Signage,coach2,Coach-2-hour-1-20260323095957.mp4
3/23/2026 10:48,270,10.6,Brooklyn + Signage,coach2,Coach-2-hour-1-20260323095957.mp4
3/23/2026 10:49,271,29.49,Brooklyn + Signage,coach2,Coach-2-hour-1-20260323095957.mp4
3/23/2026 10:51,288,3.4,Brooklyn + Signage,coach2,Coach-2-hour-1-20260323095957.mp4
3/23/2026 10:52,310,391.96,Brooklyn + Signage,coach2,Coach-2-hour-1-20260323095957.mp4
3/23/2026 10:57,317,76.07,Brooklyn + Signage,coach2,Coach-2-hour-1-20260323095957.mp4
3/23/2026 11:37,10,3.2,Brooklyn + Signage,coach2,Coach-2-hour-2-20260323110000.mp4
3/23/2026 11:25,11,0.9,Brooklyn + Signage,coach2,Coach-2-hour-2-20260323110000.mp4
3/23/2026 11:41,19,34.09,Brooklyn + Signage,coach2,Coach-2-hour-2-20260323110000.mp4
3/23/2026 11:41,22,3.5,Brooklyn + Signage,coach2,Coach-2-hour-2-20260323110000.mp4
3/23/2026 11:43,24,1.6,Brooklyn + Signage,coach2,Coach-2-hour-2-20260323110000.mp4
3/23/2026 11:14,25,15.29,Brooklyn + Signage,coach2,Coach-2-hour-2-20260323110000.mp4
3/23/2026 11:00,28,6.3,Brooklyn + Signage,coach2,Coach-2-hour-2-20260323110000.mp4
3/23/2026 11:04,32,3173.11,Brooklyn + Signage,coach2,Coach-2-hour-2-20260323110000.mp4
3/23/2026 11:57,37,0.7,Brooklyn + Signage,coach2,Coach-2-hour-2-20260323110000.mp4
3/23/2026 11:06,42,2.2,Brooklyn + Signage,coach2,Coach-2-hour-2-20260323110000.mp4
3/23/2026 11:25,46,101.86,Brooklyn + Signage,coach2,Coach-2-hour-2-20260323110000.mp4
3/23/2026 11:21,47,6.4,Brooklyn + Signage,coach2,Coach-2-hour-2-20260323110000.mp4
3/23/2026 11:39,49,1.2,Brooklyn + Signage,coach2,Coach-2-hour-2-20260323110000.mp4
3/23/2026 11:00,54,0.6,Brooklyn + Signage,coach2,Coach-2-hour-2-20260323110000.mp4
3/23/2026 11:07,62,2483.32,Brooklyn + Signage,coach2,Coach-2-hour-2-20260323110000.mp4
3/23/2026 11:41,70,4.9,Brooklyn + Signage,coach2,Coach-2-hour-2-20260323110000.mp4
3/23/2026 11:41,74,0.2,Brooklyn + Signage,coach2,Coach-2-hour-2-20260323110000.mp4
3/23/2026 11:34,82,1.5,Brooklyn + Signage,coach2,Coach-2-hour-2-20260323110000.mp4
3/23/2026 11:42,83,1001.46,Brooklyn + Signage,coach2,Coach-2-hour-2-20260323110000.mp4
3/23/2026 11:55,88,2.6,Brooklyn + Signage,coach2,Coach-2-hour-2-20260323110000.mp4
3/23/2026 11:54,91,0.8,Brooklyn + Signage,coach2,Coach-2-hour-2-20260323110000.mp4
3/23/2026 11:41,99,1.6,Brooklyn + Signage,coach2,Coach-2-hour-2-20260323110000.mp4
3/23/2026 11:12,101,86.66,Brooklyn + Signage,coach2,Coach-2-hour-2-20260323110000.mp4
3/23/2026 11:50,108,1.1,Brooklyn + Signage,coach2,Coach-2-hour-2-20260323110000.mp4
3/23/2026 11:38,111,1.2,Brooklyn + Signage,coach2,Coach-2-hour-2-20260323110000.mp4
3/23/2026 11:15,121,3.1,Brooklyn + Signage,coach2,Coach-2-hour-2-20260323110000.mp4
3/23/2026 11:25,123,1954.35,Brooklyn + Signage,coach2,Coach-2-hour-2-20260323110000.mp4
3/23/2026 11:21,126,5.7,Brooklyn + Signage,coach2,Coach-2-hour-2-20260323110000.mp4
3/23/2026 11:04,130,2180.35,Brooklyn + Signage,coach2,Coach-2-hour-2-20260323110000.mp4
3/23/2026 11:33,132,1048.84,Brooklyn + Signage,coach2,Coach-2-hour-2-20260323110000.mp4
3/23/2026 11:17,134,0.3,Brooklyn + Signage,coach2,Coach-2-hour-2-20260323110000.mp4
3/23/2026 11:01,135,3243.68,Brooklyn + Signage,coach2,Coach-2-hour-2-20260323110000.mp4
3/23/2026 11:14,136,202.61,Brooklyn + Signage,coach2,Coach-2-hour-2-20260323110000.mp4
3/23/2026 11:26,140,131.34,Brooklyn + Signage,coach2,Coach-2-hour-2-20260323110000.mp4
3/23/2026 11:18,145,1155.6,Brooklyn + Signage,coach2,Coach-2-hour-2-20260323110000.mp4
3/23/2026 11:38,151,3.3,Brooklyn + Signage,coach2,Coach-2-hour-2-20260323110000.mp4
3/23/2026 11:37,159,13.09,Brooklyn + Signage,coach2,Coach-2-hour-2-20260323110000.mp4
3/23/2026 11:13,161,11.99,Brooklyn + Signage,coach2,Coach-2-hour-2-20260323110000.mp4
3/23/2026 11:03,166,1.1,Brooklyn + Signage,coach2,Coach-2-hour-2-20260323110000.mp4
3/23/2026 11:44,172,911.4,Brooklyn + Signage,coach2,Coach-2-hour-2-20260323110000.mp4
3/23/2026 11:40,179,1.0,Brooklyn + Signage,coach2,Coach-2-hour-2-20260323110000.mp4
3/23/2026 11:26,197,2.9,Brooklyn + Signage,coach2,Coach-2-hour-2-20260323110000.mp4
3/23/2026 11:50,201,1.7,Brooklyn + Signage,coach2,Coach-2-hour-2-20260323110000.mp4
3/23/2026 11:27,202,0.2,Brooklyn + Signage,coach2,Coach-2-hour-2-20260323110000.mp4
3/23/2026 11:43,204,450.8,Brooklyn + Signage,coach2,Coach-2-hour-2-20260323110000.mp4
3/23/2026 11:12,213,1.0,Brooklyn + Signage,coach2,Coach-2-hour-2-20260323110000.mp4
3/23/2026 11:41,235,0.3,Brooklyn + Signage,coach2,Coach-2-hour-2-20260323110000.mp4
3/23/2026 11:03,239,214.51,Brooklyn + Signage,coach2,Coach-2-hour-2-20260323110000.mp4
3/23/2026 11:47,245,5.2,Brooklyn + Signage,coach2,Coach-2-hour-2-20260323110000.mp4
3/23/2026 11:22,266,1139.5,Brooklyn + Signage,coach2,Coach-2-hour-2-20260323110000.mp4
3/23/2026 11:58,288,0.4,Brooklyn + Signage,coach2,Coach-2-hour-2-20260323110000.mp4
3/23/2026 11:40,290,0.6,Brooklyn + Signage,coach2,Coach-2-hour-2-20260323110000.mp4
3/23/2026 11:38,292,500.48,Brooklyn + Signage,coach2,Coach-2-hour-2-20260323110000.mp4
3/23/2026 11:37,296,0.1,Brooklyn + Signage,coach2,Coach-2-hour-2-20260323110000.mp4
3/23/2026 11:37,304,951.58,Brooklyn + Signage,coach2,Coach-2-hour-2-20260323110000.mp4
3/23/2026 11:49,316,2.8,Brooklyn + Signage,coach2,Coach-2-hour-2-20260323110000.mp4
3/23/2026 11:13,317,1393.39,Brooklyn + Signage,coach2,Coach-2-hour-2-20260323110000.mp4
3/23/2026 11:55,342,6.1,Brooklyn + Signage,coach2,Coach-2-hour-2-20260323110000.mp4
3/23/2026 11:41,348,2.8,Brooklyn + Signage,coach2,Coach-2-hour-2-20260323110000.mp4
3/23/2026 11:50,360,374.84,Brooklyn + Signage,coach2,Coach-2-hour-2-20260323110000.mp4
3/23/2026 11:41,364,3.9,Brooklyn + Signage,coach2,Coach-2-hour-2-20260323110000.mp4
3/23/2026 11:32,381,74.37,Brooklyn + Signage,coach2,Coach-2-hour-2-20260323110000.mp4
3/23/2026 11:43,392,120.15,Brooklyn + Signage,coach2,Coach-2-hour-2-20260323110000.mp4
3/23/2026 11:44,397,4.8,Brooklyn + Signage,coach2,Coach-2-hour-2-20260323110000.mp4
3/23/2026 11:44,400,736.88,Brooklyn + Signage,coach2,Coach-2-hour-2-20260323110000.mp4
3/23/2026 11:50,429,1.7,Brooklyn + Signage,coach2,Coach-2-hour-2-20260323110000.mp4
3/23/2026 11:50,434,4.1,Brooklyn + Signage,coach2,Coach-2-hour-2-20260323110000.mp4
3/23/2026 11:52,452,2.9,Brooklyn + Signage,coach2,Coach-2-hour-2-20260323110000.mp4
3/23/2026 11:54,464,0.4,Brooklyn + Signage,coach2,Coach-2-hour-2-20260323110000.mp4
3/23/2026 11:55,478,2.1,Brooklyn + Signage,coach2,Coach-2-hour-2-20260323110000.mp4
3/23/2026 11:56,487,4.6,Brooklyn + Signage,coach2,Coach-2-hour-2-20260323110000.mp4
3/23/2026 12:49,1,538.36,Brooklyn + Signage,coach2,Coach-2-hour-3-20260323120000.mp4
3/23/2026 12:51,2,68.57,Brooklyn + Signage,coach2,Coach-2-hour-3-20260323120000.mp4
3/23/2026 12:17,10,683.1,Brooklyn + Signage,coach2,Coach-2-hour-3-20260323120000.mp4
3/23/2026 12:36,11,3.6,Brooklyn + Signage,coach2,Coach-2-hour-3-20260323120000.mp4
3/23/2026 12:31,15,16.29,Brooklyn + Signage,coach2,Coach-2-hour-3-20260323120000.mp4
3/23/2026 12:57,16,15.99,Brooklyn + Signage,coach2,Coach-2-hour-3-20260323120000.mp4
3/23/2026 12:56,18,0.9,Brooklyn + Signage,coach2,Coach-2-hour-3-20260323120000.mp4
3/23/2026 12:59,19,0.7,Brooklyn + Signage,coach2,Coach-2-hour-3-20260323120000.mp4
3/23/2026 12:46,22,708.99,Brooklyn + Signage,coach2,Coach-2-hour-3-20260323120000.mp4
3/23/2026 12:07,25,2576.28,Brooklyn + Signage,coach2,Coach-2-hour-3-20260323120000.mp4
3/23/2026 12:40,37,0.2,Brooklyn + Signage,coach2,Coach-2-hour-3-20260323120000.mp4
3/23/2026 12:06,43,0.7,Brooklyn + Signage,coach2,Coach-2-hour-3-20260323120000.mp4
3/23/2026 12:06,47,235.7,Brooklyn + Signage,coach2,Coach-2-hour-3-20260323120000.mp4
3/23/2026 12:06,48,1608.6,Brooklyn + Signage,coach2,Coach-2-hour-3-20260323120000.mp4
3/23/2026 12:49,49,3.6,Brooklyn + Signage,coach2,Coach-2-hour-3-20260323120000.mp4
3/23/2026 12:14,52,2535.89,Brooklyn + Signage,coach2,Coach-2-hour-3-20260323120000.mp4
3/23/2026 12:37,53,0.4,Brooklyn + Signage,coach2,Coach-2-hour-3-20260323120000.mp4
3/23/2026 12:59,70,48.08,Brooklyn + Signage,coach2,Coach-2-hour-3-20260323120000.mp4
3/23/2026 12:09,74,1.9,Brooklyn + Signage,coach2,Coach-2-hour-3-20260323120000.mp4
3/23/2026 12:32,79,3.6,Brooklyn + Signage,coach2,Coach-2-hour-3-20260323120000.mp4
3/23/2026 12:11,83,1765.23,Brooklyn + Signage,coach2,Coach-2-hour-3-20260323120000.mp4
3/23/2026 12:20,90,56.48,Brooklyn + Signage,coach2,Coach-2-hour-3-20260323120000.mp4
3/23/2026 12:40,94,2.4,Brooklyn + Signage,coach2,Coach-2-hour-3-20260323120000.mp4
3/23/2026 12:10,99,11.3,Brooklyn + Signage,coach2,Coach-2-hour-3-20260323120000.mp4
3/23/2026 12:33,101,12.79,Brooklyn + Signage,coach2,Coach-2-hour-3-20260323120000.mp4
3/23/2026 12:53,108,0.4,Brooklyn + Signage,coach2,Coach-2-hour-3-20260323120000.mp4
3/23/2026 12:58,110,0.5,Brooklyn + Signage,coach2,Coach-2-hour-3-20260323120000.mp4
3/23/2026 12:09,111,4.6,Brooklyn + Signage,coach2,Coach-2-hour-3-20260323120000.mp4
3/23/2026 12:48,121,0.8,Brooklyn + Signage,coach2,Coach-2-hour-3-20260323120000.mp4
3/23/2026 12:18,126,0.1,Brooklyn + Signage,coach2,Coach-2-hour-3-20260323120000.mp4
3/23/2026 12:37,128,1.7,Brooklyn + Signage,coach2,Coach-2-hour-3-20260323120000.mp4
3/23/2026 12:08,132,2741.2,Brooklyn + Signage,coach2,Coach-2-hour-3-20260323120000.mp4
3/23/2026 12:56,136,6.2,Brooklyn + Signage,coach2,Coach-2-hour-3-20260323120000.mp4
3/23/2026 12:30,145,2.6,Brooklyn + Signage,coach2,Coach-2-hour-3-20260323120000.mp4
3/23/2026 12:22,159,4.1,Brooklyn + Signage,coach2,Coach-2-hour-3-20260323120000.mp4
3/23/2026 12:22,162,8.7,Brooklyn + Signage,coach2,Coach-2-hour-3-20260323120000.mp4
3/23/2026 12:37,166,602.14,Brooklyn + Signage,coach2,Coach-2-hour-3-20260323120000.mp4
3/23/2026 12:57,169,1.4,Brooklyn + Signage,coach2,Coach-2-hour-3-20260323120000.mp4
3/23/2026 12:57,172,0.9,Brooklyn + Signage,coach2,Coach-2-hour-3-20260323120000.mp4
3/23/2026 12:24,180,0.3,Brooklyn + Signage,coach2,Coach-2-hour-3-20260323120000.mp4
3/23/2026 12:33,197,6.6,Brooklyn + Signage,coach2,Coach-2-hour-3-20260323120000.mp4
3/23/2026 12:34,204,0.3,Brooklyn + Signage,coach2,Coach-2-hour-3-20260323120000.mp4
3/23/2026 12:53,206,3.4,Brooklyn + Signage,coach2,Coach-2-hour-3-20260323120000.mp4
3/23/2026 12:57,235,30.09,Brooklyn + Signage,coach2,Coach-2-hour-3-20260323120000.mp4
3/23/2026 12:23,266,1.9,Brooklyn + Signage,coach2,Coach-2-hour-3-20260323120000.mp4
3/23/2026 12:33,268,18.79,Brooklyn + Signage,coach2,Coach-2-hour-3-20260323120000.mp4
3/23/2026 12:58,270,0.9,Brooklyn + Signage,coach2,Coach-2-hour-3-20260323120000.mp4
3/23/2026 12:34,275,0.2,Brooklyn + Signage,coach2,Coach-2-hour-3-20260323120000.mp4
3/23/2026 12:19,304,1081.83,Brooklyn + Signage,coach2,Coach-2-hour-3-20260323120000.mp4
3/23/2026 12:48,317,0.9,Brooklyn + Signage,coach2,Coach-2-hour-3-20260323120000.mp4
3/23/2026 12:11,348,6.1,Brooklyn + Signage,coach2,Coach-2-hour-3-20260323120000.mp4
3/23/2026 12:31,352,3.6,Brooklyn + Signage,coach2,Coach-2-hour-3-20260323120000.mp4
3/23/2026 12:41,356,5.1,Brooklyn + Signage,coach2,Coach-2-hour-3-20260323120000.mp4
3/23/2026 12:57,360,0.7,Brooklyn + Signage,coach2,Coach-2-hour-3-20260323120000.mp4
3/23/2026 12:28,364,0.9,Brooklyn + Signage,coach2,Coach-2-hour-3-20260323120000.mp4
3/23/2026 12:56,380,19.49,Brooklyn + Signage,coach2,Coach-2-hour-3-20260323120000.mp4
3/23/2026 12:51,381,0.2,Brooklyn + Signage,coach2,Coach-2-hour-3-20260323120000.mp4
3/23/2026 12:45,390,4.7,Brooklyn + Signage,coach2,Coach-2-hour-3-20260323120000.mp4
3/23/2026 12:35,397,3.0,Brooklyn + Signage,coach2,Coach-2-hour-3-20260323120000.mp4
3/23/2026 12:48,409,31.19,Brooklyn + Signage,coach2,Coach-2-hour-3-20260323120000.mp4
3/23/2026 12:53,410,10.6,Brooklyn + Signage,coach2,Coach-2-hour-3-20260323120000.mp4
3/23/2026 12:48,429,21.69,Brooklyn + Signage,coach2,Coach-2-hour-3-20260323120000.mp4
3/23/2026 12:55,440,4.5,Brooklyn + Signage,coach2,Coach-2-hour-3-20260323120000.mp4
3/23/2026 12:52,445,4.9,Brooklyn + Signage,coach2,Coach-2-hour-3-20260323120000.mp4
3/23/2026 12:02,452,3051.67,Brooklyn + Signage,coach2,Coach-2-hour-3-20260323120000.mp4
3/23/2026 12:17,460,696.5,Brooklyn + Signage,coach2,Coach-2-hour-3-20260323120000.mp4
3/23/2026 12:56,464,0.1,Brooklyn + Signage,coach2,Coach-2-hour-3-20260323120000.mp4
3/23/2026 12:59,475,0.9,Brooklyn + Signage,coach2,Coach-2-hour-3-20260323120000.mp4
3/23/2026 12:06,487,2558.58,Brooklyn + Signage,coach2,Coach-2-hour-3-20260323120000.mp4
3/23/2026 12:57,507,1.1,Brooklyn + Signage,coach2,Coach-2-hour-3-20260323120000.mp4
3/23/2026 13:51,1,1.0,Brooklyn + Signage,coach2,Coach-2-hour-4-20260323130000.mp4
3/23/2026 13:00,2,0.1,Brooklyn + Signage,coach2,Coach-2-hour-4-20260323130000.mp4
3/23/2026 13:01,11,75.07,Brooklyn + Signage,coach2,Coach-2-hour-4-20260323130000.mp4
3/23/2026 13:38,14,5.3,Brooklyn + Signage,coach2,Coach-2-hour-4-20260323130000.mp4
3/23/2026 13:43,15,518.27,Brooklyn + Signage,coach2,Coach-2-hour-4-20260323130000.mp4
3/23/2026 13:08,16,3.6,Brooklyn + Signage,coach2,Coach-2-hour-4-20260323130000.mp4
3/23/2026 13:02,19,36.78,Brooklyn + Signage,coach2,Coach-2-hour-4-20260323130000.mp4
3/23/2026 13:29,22,1557.92,Brooklyn + Signage,coach2,Coach-2-hour-4-20260323130000.mp4
3/23/2026 13:04,24,0.1,Brooklyn + Signage,coach2,Coach-2-hour-4-20260323130000.mp4
3/23/2026 13:22,28,853.13,Brooklyn + Signage,coach2,Coach-2-hour-4-20260323130000.mp4
3/23/2026 13:14,32,2214.73,Brooklyn + Signage,coach2,Coach-2-hour-4-20260323130000.mp4
3/23/2026 13:03,33,0.2,Brooklyn + Signage,coach2,Coach-2-hour-4-20260323130000.mp4
3/23/2026 13:30,34,8.5,Brooklyn + Signage,coach2,Coach-2-hour-4-20260323130000.mp4
3/23/2026 13:45,37,146.34,Brooklyn + Signage,coach2,Coach-2-hour-4-20260323130000.mp4
3/23/2026 13:10,38,1776.02,Brooklyn + Signage,coach2,Coach-2-hour-4-20260323130000.mp4
3/23/2026 13:01,45,2199.94,Brooklyn + Signage,coach2,Coach-2-hour-4-20260323130000.mp4
3/23/2026 13:09,46,19.69,Brooklyn + Signage,coach2,Coach-2-hour-4-20260323130000.mp4
3/23/2026 13:22,48,576.65,Brooklyn + Signage,coach2,Coach-2-hour-4-20260323130000.mp4
3/23/2026 13:01,49,10.1,Brooklyn + Signage,coach2,Coach-2-hour-4-20260323130000.mp4
3/23/2026 13:43,53,0.1,Brooklyn + Signage,coach2,Coach-2-hour-4-20260323130000.mp4
3/23/2026 13:34,68,158.43,Brooklyn + Signage,coach2,Coach-2-hour-4-20260323130000.mp4
3/23/2026 13:45,70,4.9,Brooklyn + Signage,coach2,Coach-2-hour-4-20260323130000.mp4
3/23/2026 13:02,74,2845.66,Brooklyn + Signage,coach2,Coach-2-hour-4-20260323130000.mp4
3/23/2026 13:34,81,1055.14,Brooklyn + Signage,coach2,Coach-2-hour-4-20260323130000.mp4
3/23/2026 13:06,82,1.5,Brooklyn + Signage,coach2,Coach-2-hour-4-20260323130000.mp4
3/23/2026 13:07,83,0.7,Brooklyn + Signage,coach2,Coach-2-hour-4-20260323130000.mp4
3/23/2026 13:58,85,0.1,Brooklyn + Signage,coach2,Coach-2-hour-4-20260323130000.mp4
3/23/2026 13:06,88,0.4,Brooklyn + Signage,coach2,Coach-2-hour-4-20260323130000.mp4
3/23/2026 13:28,91,0.2,Brooklyn + Signage,coach2,Coach-2-hour-4-20260323130000.mp4
3/23/2026 13:58,94,1.5,Brooklyn + Signage,coach2,Coach-2-hour-4-20260323130000.mp4
3/23/2026 13:59,99,0.4,Brooklyn + Signage,coach2,Coach-2-hour-4-20260323130000.mp4
3/23/2026 13:02,107,6.9,Brooklyn + Signage,coach2,Coach-2-hour-4-20260323130000.mp4
3/23/2026 13:49,108,0.5,Brooklyn + Signage,coach2,Coach-2-hour-4-20260323130000.mp4
3/23/2026 13:41,110,175.22,Brooklyn + Signage,coach2,Coach-2-hour-4-20260323130000.mp4
3/23/2026 13:59,123,5.3,Brooklyn + Signage,coach2,Coach-2-hour-4-20260323130000.mp4
3/23/2026 13:49,126,10.0,Brooklyn + Signage,coach2,Coach-2-hour-4-20260323130000.mp4
3/23/2026 13:53,130,0.6,Brooklyn + Signage,coach2,Coach-2-hour-4-20260323130000.mp4
3/23/2026 13:50,135,11.69,Brooklyn + Signage,coach2,Coach-2-hour-4-20260323130000.mp4
3/23/2026 13:54,136,4.9,Brooklyn + Signage,coach2,Coach-2-hour-4-20260323130000.mp4
3/23/2026 13:54,142,3.8,Brooklyn + Signage,coach2,Coach-2-hour-4-20260323130000.mp4
3/23/2026 13:49,151,65.57,Brooklyn + Signage,coach2,Coach-2-hour-4-20260323130000.mp4
3/23/2026 13:35,158,905.7,Brooklyn + Signage,coach2,Coach-2-hour-4-20260323130000.mp4
3/23/2026 13:51,159,0.2,Brooklyn + Signage,coach2,Coach-2-hour-4-20260323130000.mp4
3/23/2026 13:51,161,445.51,Brooklyn + Signage,coach2,Coach-2-hour-4-20260323130000.mp4
3/23/2026 13:45,162,581.85,Brooklyn + Signage,coach2,Coach-2-hour-4-20260323130000.mp4
3/23/2026 13:17,166,0.6,Brooklyn + Signage,coach2,Coach-2-hour-4-20260323130000.mp4
3/23/2026 13:01,169,3329.85,Brooklyn + Signage,coach2,Coach-2-hour-4-20260323130000.mp4
3/23/2026 13:47,179,39.78,Brooklyn + Signage,coach2,Coach-2-hour-4-20260323130000.mp4
3/23/2026 13:51,194,1.5,Brooklyn + Signage,coach2,Coach-2-hour-4-20260323130000.mp4
3/23/2026 13:53,206,0.3,Brooklyn + Signage,coach2,Coach-2-hour-4-20260323130000.mp4
3/23/2026 13:29,209,1261.15,Brooklyn + Signage,coach2,Coach-2-hour-4-20260323130000.mp4
3/23/2026 13:12,225,0.1,Brooklyn + Signage,coach2,Coach-2-hour-4-20260323130000.mp4
3/23/2026 13:15,226,527.87,Brooklyn + Signage,coach2,Coach-2-hour-4-20260323130000.mp4
3/23/2026 13:39,236,2.9,Brooklyn + Signage,coach2,Coach-2-hour-4-20260323130000.mp4
3/23/2026 13:04,239,0.4,Brooklyn + Signage,coach2,Coach-2-hour-4-20260323130000.mp4
3/23/2026 13:14,246,1.7,Brooklyn + Signage,coach2,Coach-2-hour-4-20260323130000.mp4
3/23/2026 13:18,264,27.19,Brooklyn + Signage,coach2,Coach-2-hour-4-20260323130000.mp4
3/23/2026 13:01,270,1.4,Brooklyn + Signage,coach2,Coach-2-hour-4-20260323130000.mp4
3/23/2026 13:04,275,1.5,Brooklyn + Signage,coach2,Coach-2-hour-4-20260323130000.mp4
3/23/2026 13:17,286,48.88,Brooklyn + Signage,coach2,Coach-2-hour-4-20260323130000.mp4
3/23/2026 13:10,292,1.0,Brooklyn + Signage,coach2,Coach-2-hour-4-20260323130000.mp4
3/23/2026 13:50,296,0.6,Brooklyn + Signage,coach2,Coach-2-hour-4-20260323130000.mp4
3/23/2026 13:30,310,0.9,Brooklyn + Signage,coach2,Coach-2-hour-4-20260323130000.mp4
3/23/2026 13:24,321,0.8,Brooklyn + Signage,coach2,Coach-2-hour-4-20260323130000.mp4
3/23/2026 13:50,327,0.1,Brooklyn + Signage,coach2,Coach-2-hour-4-20260323130000.mp4
3/23/2026 13:51,339,2.0,Brooklyn + Signage,coach2,Coach-2-hour-4-20260323130000.mp4
3/23/2026 13:49,342,0.6,Brooklyn + Signage,coach2,Coach-2-hour-4-20260323130000.mp4
3/23/2026 13:22,359,443.31,Brooklyn + Signage,coach2,Coach-2-hour-4-20260323130000.mp4
3/23/2026 13:38,364,7.7,Brooklyn + Signage,coach2,Coach-2-hour-4-20260323130000.mp4
3/23/2026 13:22,370,0.1,Brooklyn + Signage,coach2,Coach-2-hour-4-20260323130000.mp4
3/23/2026 13:57,380,2.4,Brooklyn + Signage,coach2,Coach-2-hour-4-20260323130000.mp4
3/23/2026 13:23,381,0.2,Brooklyn + Signage,coach2,Coach-2-hour-4-20260323130000.mp4
3/23/2026 13:02,389,1.6,Brooklyn + Signage,coach2,Coach-2-hour-4-20260323130000.mp4
3/23/2026 13:11,390,777.26,Brooklyn + Signage,coach2,Coach-2-hour-4-20260323130000.mp4
3/23/2026 13:55,409,1.1,Brooklyn + Signage,coach2,Coach-2-hour-4-20260323130000.mp4
3/23/2026 13:09,410,7.4,Brooklyn + Signage,coach2,Coach-2-hour-4-20260323130000.mp4
3/23/2026 13:27,427,1.7,Brooklyn + Signage,coach2,Coach-2-hour-4-20260323130000.mp4
3/23/2026 13:33,430,1.9,Brooklyn + Signage,coach2,Coach-2-hour-4-20260323130000.mp4
3/23/2026 13:08,445,0.1,Brooklyn + Signage,coach2,Coach-2-hour-4-20260323130000.mp4
3/23/2026 13:15,451,1645.88,Brooklyn + Signage,coach2,Coach-2-hour-4-20260323130000.mp4
3/23/2026 13:51,463,0.2,Brooklyn + Signage,coach2,Coach-2-hour-4-20260323130000.mp4
3/23/2026 13:22,464,4.8,Brooklyn + Signage,coach2,Coach-2-hour-4-20260323130000.mp4
3/23/2026 13:49,471,4.0,Brooklyn + Signage,coach2,Coach-2-hour-4-20260323130000.mp4
3/23/2026 13:42,475,0.6,Brooklyn + Signage,coach2,Coach-2-hour-4-20260323130000.mp4
3/23/2026 13:07,478,2774.59,Brooklyn + Signage,coach2,Coach-2-hour-4-20260323130000.mp4
3/23/2026 13:51,487,1.5,Brooklyn + Signage,coach2,Coach-2-hour-4-20260323130000.mp4
3/23/2026 13:22,507,16.29,Brooklyn + Signage,coach2,Coach-2-hour-4-20260323130000.mp4
3/23/2026 13:48,524,196.21,Brooklyn + Signage,coach2,Coach-2-hour-4-20260323130000.mp4
3/23/2026 13:24,528,82.76,Brooklyn + Signage,coach2,Coach-2-hour-4-20260323130000.mp4
3/23/2026 13:08,537,31.49,Brooklyn + Signage,coach2,Coach-2-hour-4-20260323130000.mp4
3/23/2026 13:38,582,0.3,Brooklyn + Signage,coach2,Coach-2-hour-4-20260323130000.mp4
3/23/2026 13:55,644,1.0,Brooklyn + Signage,coach2,Coach-2-hour-4-20260323130000.mp4
3/23/2026 13:49,699,96.46,Brooklyn + Signage,coach2,Coach-2-hour-4-20260323130000.mp4
3/23/2026 13:49,752,1.2,Brooklyn + Signage,coach2,Coach-2-hour-4-20260323130000.mp4
3/23/2026 13:49,762,34.88,Brooklyn + Signage,coach2,Coach-2-hour-4-20260323130000.mp4
3/23/2026 13:54,817,37.78,Brooklyn + Signage,coach2,Coach-2-hour-4-20260323130000.mp4
3/23/2026 13:52,833,0.2,Brooklyn + Signage,coach2,Coach-2-hour-4-20260323130000.mp4
3/23/2026 13:52,839,2.6,Brooklyn + Signage,coach2,Coach-2-hour-4-20260323130000.mp4
3/23/2026 13:54,865,60.07,Brooklyn + Signage,coach2,Coach-2-hour-4-20260323130000.mp4
3/23/2026 13:59,870,7.3,Brooklyn + Signage,coach2,Coach-2-hour-4-20260323130000.mp4
3/23/2026 13:54,875,3.5,Brooklyn + Signage,coach2,Coach-2-hour-4-20260323130000.mp4
3/23/2026 14:44,1,2.4,Brooklyn + Signage,coach2,Coach-2-hour-5-20260323140000.mp4
3/23/2026 14:51,4,0.6,Brooklyn + Signage,coach2,Coach-2-hour-5-20260323140000.mp4
3/23/2026 14:40,10,2.8,Brooklyn + Signage,coach2,Coach-2-hour-5-20260323140000.mp4
3/23/2026 14:00,11,641.92,Brooklyn + Signage,coach2,Coach-2-hour-5-20260323140000.mp4
3/23/2026 14:06,15,20.49,Brooklyn + Signage,coach2,Coach-2-hour-5-20260323140000.mp4
3/23/2026 14:00,18,3436.2,Brooklyn + Signage,coach2,Coach-2-hour-5-20260323140000.mp4
3/23/2026 14:39,19,22.09,Brooklyn + Signage,coach2,Coach-2-hour-5-20260323140000.mp4
3/23/2026 14:11,24,2059.4,Brooklyn + Signage,coach2,Coach-2-hour-5-20260323140000.mp4
3/23/2026 14:59,28,1.3,Brooklyn + Signage,coach2,Coach-2-hour-5-20260323140000.mp4
3/23/2026 14:47,34,302.57,Brooklyn + Signage,coach2,Coach-2-hour-5-20260323140000.mp4
3/23/2026 14:57,37,0.7,Brooklyn + Signage,coach2,Coach-2-hour-5-20260323140000.mp4
3/23/2026 14:02,46,10.4,Brooklyn + Signage,coach2,Coach-2-hour-5-20260323140000.mp4
3/23/2026 14:48,48,331.86,Brooklyn + Signage,coach2,Coach-2-hour-5-20260323140000.mp4
3/23/2026 14:59,49,3.0,Brooklyn + Signage,coach2,Coach-2-hour-5-20260323140000.mp4
3/23/2026 14:51,52,2.4,Brooklyn + Signage,coach2,Coach-2-hour-5-20260323140000.mp4
3/23/2026 14:40,54,0.7,Brooklyn + Signage,coach2,Coach-2-hour-5-20260323140000.mp4
3/23/2026 14:48,62,0.3,Brooklyn + Signage,coach2,Coach-2-hour-5-20260323140000.mp4
3/23/2026 14:36,68,1.1,Brooklyn + Signage,coach2,Coach-2-hour-5-20260323140000.mp4
3/23/2026 14:56,70,13.69,Brooklyn + Signage,coach2,Coach-2-hour-5-20260323140000.mp4
3/23/2026 14:46,71,0.9,Brooklyn + Signage,coach2,Coach-2-hour-5-20260323140000.mp4
3/23/2026 14:47,75,2.1,Brooklyn + Signage,coach2,Coach-2-hour-5-20260323140000.mp4
3/23/2026 14:41,80,0.2,Brooklyn + Signage,coach2,Coach-2-hour-5-20260323140000.mp4
3/23/2026 14:26,81,206.31,Brooklyn + Signage,coach2,Coach-2-hour-5-20260323140000.mp4
3/23/2026 14:25,82,1597.2,Brooklyn + Signage,coach2,Coach-2-hour-5-20260323140000.mp4
3/23/2026 14:38,83,0.3,Brooklyn + Signage,coach2,Coach-2-hour-5-20260323140000.mp4
3/23/2026 14:02,85,2905.93,Brooklyn + Signage,coach2,Coach-2-hour-5-20260323140000.mp4
3/23/2026 14:06,88,1563.72,Brooklyn + Signage,coach2,Coach-2-hour-5-20260323140000.mp4
3/23/2026 14:08,93,4.6,Brooklyn + Signage,coach2,Coach-2-hour-5-20260323140000.mp4
3/23/2026 14:48,99,555.16,Brooklyn + Signage,coach2,Coach-2-hour-5-20260323140000.mp4
3/23/2026 14:59,105,32.79,Brooklyn + Signage,coach2,Coach-2-hour-5-20260323140000.mp4
3/23/2026 14:30,110,0.1,Brooklyn + Signage,coach2,Coach-2-hour-5-20260323140000.mp4
3/23/2026 14:45,121,37.68,Brooklyn + Signage,coach2,Coach-2-hour-5-20260323140000.mp4
3/23/2026 14:43,126,0.9,Brooklyn + Signage,coach2,Coach-2-hour-5-20260323140000.mp4
3/23/2026 14:48,128,2.3,Brooklyn + Signage,coach2,Coach-2-hour-5-20260323140000.mp4
3/23/2026 14:49,130,4.8,Brooklyn + Signage,coach2,Coach-2-hour-5-20260323140000.mp4
3/23/2026 14:07,135,0.4,Brooklyn + Signage,coach2,Coach-2-hour-5-20260323140000.mp4
3/23/2026 14:25,136,0.2,Brooklyn + Signage,coach2,Coach-2-hour-5-20260323140000.mp4
3/23/2026 14:59,140,7.4,Brooklyn + Signage,coach2,Coach-2-hour-5-20260323140000.mp4
3/23/2026 14:11,142,1232.26,Brooklyn + Signage,coach2,Coach-2-hour-5-20260323140000.mp4
3/23/2026 14:23,146,2.7,Brooklyn + Signage,coach2,Coach-2-hour-5-20260323140000.mp4
3/23/2026 14:50,147,0.9,Brooklyn + Signage,coach2,Coach-2-hour-5-20260323140000.mp4
3/23/2026 14:32,150,7.6,Brooklyn + Signage,coach2,Coach-2-hour-5-20260323140000.mp4
3/23/2026 14:51,158,1.6,Brooklyn + Signage,coach2,Coach-2-hour-5-20260323140000.mp4
3/23/2026 14:11,159,1788.82,Brooklyn + Signage,coach2,Coach-2-hour-5-20260323140000.mp4
3/23/2026 14:56,162,0.5,Brooklyn + Signage,coach2,Coach-2-hour-5-20260323140000.mp4
3/23/2026 14:11,167,2423.64,Brooklyn + Signage,coach2,Coach-2-hour-5-20260323140000.mp4
3/23/2026 14:34,169,705.79,Brooklyn + Signage,coach2,Coach-2-hour-5-20260323140000.mp4
3/23/2026 14:50,172,3.9,Brooklyn + Signage,coach2,Coach-2-hour-5-20260323140000.mp4
3/23/2026 14:08,179,35.78,Brooklyn + Signage,coach2,Coach-2-hour-5-20260323140000.mp4
3/23/2026 14:59,194,3.0,Brooklyn + Signage,coach2,Coach-2-hour-5-20260323140000.mp4
3/23/2026 14:45,206,738.98,Brooklyn + Signage,coach2,Coach-2-hour-5-20260323140000.mp4
3/23/2026 14:44,208,103.75,Brooklyn + Signage,coach2,Coach-2-hour-5-20260323140000.mp4
3/23/2026 14:00,209,6.0,Brooklyn + Signage,coach2,Coach-2-hour-5-20260323140000.mp4
3/23/2026 14:58,213,3.2,Brooklyn + Signage,coach2,Coach-2-hour-5-20260323140000.mp4
3/23/2026 14:59,214,9.5,Brooklyn + Signage,coach2,Coach-2-hour-5-20260323140000.mp4
3/23/2026 14:44,225,0.8,Brooklyn + Signage,coach2,Coach-2-hour-5-20260323140000.mp4
3/23/2026 14:34,226,154.23,Brooklyn + Signage,coach2,Coach-2-hour-5-20260323140000.mp4
3/23/2026 14:10,236,1.9,Brooklyn + Signage,coach2,Coach-2-hour-5-20260323140000.mp4
3/23/2026 14:17,241,2182.95,Brooklyn + Signage,coach2,Coach-2-hour-5-20260323140000.mp4
3/23/2026 14:14,245,1423.58,Brooklyn + Signage,coach2,Coach-2-hour-5-20260323140000.mp4
3/23/2026 14:34,246,0.8,Brooklyn + Signage,coach2,Coach-2-hour-5-20260323140000.mp4
3/23/2026 14:11,249,2053.7,Brooklyn + Signage,coach2,Coach-2-hour-5-20260323140000.mp4
3/23/2026 14:17,256,2090.89,Brooklyn + Signage,coach2,Coach-2-hour-5-20260323140000.mp4
3/23/2026 14:24,266,4.3,Brooklyn + Signage,coach2,Coach-2-hour-5-20260323140000.mp4
3/23/2026 14:36,270,5.4,Brooklyn + Signage,coach2,Coach-2-hour-5-20260323140000.mp4
3/23/2026 14:39,271,0.3,Brooklyn + Signage,coach2,Coach-2-hour-5-20260323140000.mp4
3/23/2026 14:01,275,11.1,Brooklyn + Signage,coach2,Coach-2-hour-5-20260323140000.mp4
3/23/2026 14:52,290,3.1,Brooklyn + Signage,coach2,Coach-2-hour-5-20260323140000.mp4
3/23/2026 14:54,295,37.88,Brooklyn + Signage,coach2,Coach-2-hour-5-20260323140000.mp4
3/23/2026 14:02,296,935.89,Brooklyn + Signage,coach2,Coach-2-hour-5-20260323140000.mp4
3/23/2026 14:51,299,11.49,Brooklyn + Signage,coach2,Coach-2-hour-5-20260323140000.mp4
3/23/2026 14:18,304,129.14,Brooklyn + Signage,coach2,Coach-2-hour-5-20260323140000.mp4
3/23/2026 14:40,316,2.8,Brooklyn + Signage,coach2,Coach-2-hour-5-20260323140000.mp4
3/23/2026 14:39,317,5.0,Brooklyn + Signage,coach2,Coach-2-hour-5-20260323140000.mp4
3/23/2026 14:49,321,44.68,Brooklyn + Signage,coach2,Coach-2-hour-5-20260323140000.mp4
3/23/2026 14:26,330,5.1,Brooklyn + Signage,coach2,Coach-2-hour-5-20260323140000.mp4
3/23/2026 14:31,336,835.14,Brooklyn + Signage,coach2,Coach-2-hour-5-20260323140000.mp4
3/23/2026 14:45,339,95.56,Brooklyn + Signage,coach2,Coach-2-hour-5-20260323140000.mp4
3/23/2026 14:37,342,90.86,Brooklyn + Signage,coach2,Coach-2-hour-5-20260323140000.mp4
3/23/2026 14:43,356,3.3,Brooklyn + Signage,coach2,Coach-2-hour-5-20260323140000.mp4
3/23/2026 14:45,364,799.15,Brooklyn + Signage,coach2,Coach-2-hour-5-20260323140000.mp4
3/23/2026 14:05,380,11.1,Brooklyn + Signage,coach2,Coach-2-hour-5-20260323140000.mp4
3/23/2026 14:14,390,0.1,Brooklyn + Signage,coach2,Coach-2-hour-5-20260323140000.mp4
3/23/2026 14:13,400,1784.52,Brooklyn + Signage,coach2,Coach-2-hour-5-20260323140000.mp4
3/23/2026 14:44,409,0.9,Brooklyn + Signage,coach2,Coach-2-hour-5-20260323140000.mp4
3/23/2026 14:51,427,9.9,Brooklyn + Signage,coach2,Coach-2-hour-5-20260323140000.mp4
3/23/2026 14:28,430,452.9,Brooklyn + Signage,coach2,Coach-2-hour-5-20260323140000.mp4
3/23/2026 14:09,434,1329.22,Brooklyn + Signage,coach2,Coach-2-hour-5-20260323140000.mp4
3/23/2026 14:59,451,0.2,Brooklyn + Signage,coach2,Coach-2-hour-5-20260323140000.mp4
3/23/2026 14:13,452,1291.04,Brooklyn + Signage,coach2,Coach-2-hour-5-20260323140000.mp4
3/23/2026 14:40,463,0.7,Brooklyn + Signage,coach2,Coach-2-hour-5-20260323140000.mp4
3/23/2026 14:51,464,1.1,Brooklyn + Signage,coach2,Coach-2-hour-5-20260323140000.mp4
3/23/2026 14:44,471,396.73,Brooklyn + Signage,coach2,Coach-2-hour-5-20260323140000.mp4
3/23/2026 14:52,475,4.8,Brooklyn + Signage,coach2,Coach-2-hour-5-20260323140000.mp4
3/23/2026 14:51,478,0.1,Brooklyn + Signage,coach2,Coach-2-hour-5-20260323140000.mp4
3/23/2026 14:56,487,1.7,Brooklyn + Signage,coach2,Coach-2-hour-5-20260323140000.mp4
3/23/2026 14:51,507,2.1,Brooklyn + Signage,coach2,Coach-2-hour-5-20260323140000.mp4
3/23/2026 14:32,524,0.8,Brooklyn + Signage,coach2,Coach-2-hour-5-20260323140000.mp4
3/23/2026 14:39,537,403.72,Brooklyn + Signage,coach2,Coach-2-hour-5-20260323140000.mp4
3/23/2026 14:54,553,0.8,Brooklyn + Signage,coach2,Coach-2-hour-5-20260323140000.mp4
3/23/2026 14:41,566,1.9,Brooklyn + Signage,coach2,Coach-2-hour-5-20260323140000.mp4
3/23/2026 14:44,614,0.4,Brooklyn + Signage,coach2,Coach-2-hour-5-20260323140000.mp4
3/23/2026 14:49,643,1.1,Brooklyn + Signage,coach2,Coach-2-hour-5-20260323140000.mp4
3/23/2026 14:54,644,8.5,Brooklyn + Signage,coach2,Coach-2-hour-5-20260323140000.mp4
3/23/2026 14:48,697,93.56,Brooklyn + Signage,coach2,Coach-2-hour-5-20260323140000.mp4
3/23/2026 14:23,699,1509.04,Brooklyn + Signage,coach2,Coach-2-hour-5-20260323140000.mp4
3/23/2026 14:48,711,5.6,Brooklyn + Signage,coach2,Coach-2-hour-5-20260323140000.mp4
3/23/2026 14:48,714,7.0,Brooklyn + Signage,coach2,Coach-2-hour-5-20260323140000.mp4
3/23/2026 14:49,720,63.17,Brooklyn + Signage,coach2,Coach-2-hour-5-20260323140000.mp4
3/23/2026 14:49,728,1.9,Brooklyn + Signage,coach2,Coach-2-hour-5-20260323140000.mp4
3/23/2026 14:50,743,6.5,Brooklyn + Signage,coach2,Coach-2-hour-5-20260323140000.mp4
3/23/2026 14:46,752,1.7,Brooklyn + Signage,coach2,Coach-2-hour-5-20260323140000.mp4
3/23/2026 14:46,762,40.48,Brooklyn + Signage,coach2,Coach-2-hour-5-20260323140000.mp4
3/23/2026 14:51,765,7.2,Brooklyn + Signage,coach2,Coach-2-hour-5-20260323140000.mp4
3/23/2026 14:15,786,47.28,Brooklyn + Signage,coach2,Coach-2-hour-5-20260323140000.mp4
3/23/2026 14:53,800,1.7,Brooklyn + Signage,coach2,Coach-2-hour-5-20260323140000.mp4
3/23/2026 14:41,817,12.89,Brooklyn + Signage,coach2,Coach-2-hour-5-20260323140000.mp4
3/23/2026 14:23,833,9.0,Brooklyn + Signage,coach2,Coach-2-hour-5-20260323140000.mp4
3/23/2026 14:29,875,1316.53,Brooklyn + Signage,coach2,Coach-2-hour-5-20260323140000.mp4
3/23/2026 14:29,943,2.1,Brooklyn + Signage,coach2,Coach-2-hour-5-20260323140000.mp4
3/23/2026 15:53,4,20.09,Brooklyn + Signage,coach2,Coach-2-hour-6-20260323150000.mp4
3/23/2026 15:00,11,0.5,Brooklyn + Signage,coach2,Coach-2-hour-6-20260323150000.mp4
3/23/2026 15:26,14,424.91,Brooklyn + Signage,coach2,Coach-2-hour-6-20260323150000.mp4
3/23/2026 15:11,17,2334.48,Brooklyn + Signage,coach2,Coach-2-hour-6-20260323150000.mp4
3/23/2026 15:57,19,0.2,Brooklyn + Signage,coach2,Coach-2-hour-6-20260323150000.mp4
3/23/2026 15:48,22,12.49,Brooklyn + Signage,coach2,Coach-2-hour-6-20260323150000.mp4
3/23/2026 15:17,24,1621.19,Brooklyn + Signage,coach2,Coach-2-hour-6-20260323150000.mp4
3/23/2026 15:57,28,2.8,Brooklyn + Signage,coach2,Coach-2-hour-6-20260323150000.mp4
3/23/2026 15:38,32,23.99,Brooklyn + Signage,coach2,Coach-2-hour-6-20260323150000.mp4
3/23/2026 15:04,33,0.5,Brooklyn + Signage,coach2,Coach-2-hour-6-20260323150000.mp4
3/23/2026 15:47,37,3.7,Brooklyn + Signage,coach2,Coach-2-hour-6-20260323150000.mp4
3/23/2026 15:45,38,1.3,Brooklyn + Signage,coach2,Coach-2-hour-6-20260323150000.mp4
3/23/2026 15:22,43,0.7,Brooklyn + Signage,coach2,Coach-2-hour-6-20260323150000.mp4
3/23/2026 15:38,45,0.9,Brooklyn + Signage,coach2,Coach-2-hour-6-20260323150000.mp4
3/23/2026 15:59,46,3.0,Brooklyn + Signage,coach2,Coach-2-hour-6-20260323150000.mp4
3/23/2026 15:59,48,7.2,Brooklyn + Signage,coach2,Coach-2-hour-6-20260323150000.mp4
3/23/2026 15:03,49,41.08,Brooklyn + Signage,coach2,Coach-2-hour-6-20260323150000.mp4
3/23/2026 15:04,56,1.1,Brooklyn + Signage,coach2,Coach-2-hour-6-20260323150000.mp4
3/23/2026 15:46,67,2.6,Brooklyn + Signage,coach2,Coach-2-hour-6-20260323150000.mp4
3/23/2026 15:46,71,4.5,Brooklyn + Signage,coach2,Coach-2-hour-6-20260323150000.mp4
3/23/2026 15:40,74,1107.02,Brooklyn + Signage,coach2,Coach-2-hour-6-20260323150000.mp4
3/23/2026 15:36,75,0.1,Brooklyn + Signage,coach2,Coach-2-hour-6-20260323150000.mp4
3/23/2026 15:55,77,8.1,Brooklyn + Signage,coach2,Coach-2-hour-6-20260323150000.mp4
3/23/2026 15:25,79,6.9,Brooklyn + Signage,coach2,Coach-2-hour-6-20260323150000.mp4
3/23/2026 15:45,80,418.72,Brooklyn + Signage,coach2,Coach-2-hour-6-20260323150000.mp4
3/23/2026 15:46,81,46.18,Brooklyn + Signage,coach2,Coach-2-hour-6-20260323150000.mp4
3/23/2026 15:07,82,0.1,Brooklyn + Signage,coach2,Coach-2-hour-6-20260323150000.mp4
3/23/2026 15:32,83,6.3,Brooklyn + Signage,coach2,Coach-2-hour-6-20260323150000.mp4
3/23/2026 15:08,85,0.1,Brooklyn + Signage,coach2,Coach-2-hour-6-20260323150000.mp4
3/23/2026 15:08,90,2117.58,Brooklyn + Signage,coach2,Coach-2-hour-6-20260323150000.mp4
3/23/2026 15:41,91,531.47,Brooklyn + Signage,coach2,Coach-2-hour-6-20260323150000.mp4
3/23/2026 15:45,93,3.3,Brooklyn + Signage,coach2,Coach-2-hour-6-20260323150000.mp4
3/23/2026 15:38,99,1.8,Brooklyn + Signage,coach2,Coach-2-hour-6-20260323150000.mp4
3/23/2026 15:00,105,1.7,Brooklyn + Signage,coach2,Coach-2-hour-6-20260323150000.mp4
3/23/2026 15:41,106,0.6,Brooklyn + Signage,coach2,Coach-2-hour-6-20260323150000.mp4
3/23/2026 15:44,110,2.7,Brooklyn + Signage,coach2,Coach-2-hour-6-20260323150000.mp4
3/23/2026 15:22,114,11.3,Brooklyn + Signage,coach2,Coach-2-hour-6-20260323150000.mp4
3/23/2026 15:44,120,5.3,Brooklyn + Signage,coach2,Coach-2-hour-6-20260323150000.mp4
3/23/2026 15:50,122,0.4,Brooklyn + Signage,coach2,Coach-2-hour-6-20260323150000.mp4
3/23/2026 15:05,128,2027.21,Brooklyn + Signage,coach2,Coach-2-hour-6-20260323150000.mp4
3/23/2026 15:49,130,0.9,Brooklyn + Signage,coach2,Coach-2-hour-6-20260323150000.mp4
3/23/2026 15:59,132,0.5,Brooklyn + Signage,coach2,Coach-2-hour-6-20260323150000.mp4
3/23/2026 15:28,145,453.5,Brooklyn + Signage,coach2,Coach-2-hour-6-20260323150000.mp4
3/23/2026 15:38,147,11.2,Brooklyn + Signage,coach2,Coach-2-hour-6-20260323150000.mp4
3/23/2026 15:39,150,8.4,Brooklyn + Signage,coach2,Coach-2-hour-6-20260323150000.mp4
3/23/2026 15:59,151,2.0,Brooklyn + Signage,coach2,Coach-2-hour-6-20260323150000.mp4
3/23/2026 15:45,158,9.7,Brooklyn + Signage,coach2,Coach-2-hour-6-20260323150000.mp4
3/23/2026 15:45,159,0.4,Brooklyn + Signage,coach2,Coach-2-hour-6-20260323150000.mp4
3/23/2026 15:16,161,2601.36,Brooklyn + Signage,coach2,Coach-2-hour-6-20260323150000.mp4
3/23/2026 15:01,162,0.2,Brooklyn + Signage,coach2,Coach-2-hour-6-20260323150000.mp4
3/23/2026 15:51,166,6.8,Brooklyn + Signage,coach2,Coach-2-hour-6-20260323150000.mp4
3/23/2026 15:44,167,3.9,Brooklyn + Signage,coach2,Coach-2-hour-6-20260323150000.mp4
3/23/2026 15:22,169,23.89,Brooklyn + Signage,coach2,Coach-2-hour-6-20260323150000.mp4
3/23/2026 15:16,180,1650.68,Brooklyn + Signage,coach2,Coach-2-hour-6-20260323150000.mp4
3/23/2026 15:50,194,1.2,Brooklyn + Signage,coach2,Coach-2-hour-6-20260323150000.mp4
3/23/2026 15:43,197,0.9,Brooklyn + Signage,coach2,Coach-2-hour-6-20260323150000.mp4
3/23/2026 15:32,205,0.4,Brooklyn + Signage,coach2,Coach-2-hour-6-20260323150000.mp4
3/23/2026 15:04,206,1863.19,Brooklyn + Signage,coach2,Coach-2-hour-6-20260323150000.mp4
3/23/2026 15:33,209,1447.07,Brooklyn + Signage,coach2,Coach-2-hour-6-20260323150000.mp4
3/23/2026 15:49,213,0.1,Brooklyn + Signage,coach2,Coach-2-hour-6-20260323150000.mp4
3/23/2026 15:53,236,6.3,Brooklyn + Signage,coach2,Coach-2-hour-6-20260323150000.mp4
3/23/2026 15:22,241,0.7,Brooklyn + Signage,coach2,Coach-2-hour-6-20260323150000.mp4
3/23/2026 15:32,249,0.6,Brooklyn + Signage,coach2,Coach-2-hour-6-20260323150000.mp4
3/23/2026 15:38,256,139.94,Brooklyn + Signage,coach2,Coach-2-hour-6-20260323150000.mp4
3/23/2026 15:01,275,1.1,Brooklyn + Signage,coach2,Coach-2-hour-6-20260323150000.mp4
3/23/2026 15:59,290,1.3,Brooklyn + Signage,coach2,Coach-2-hour-6-20260323150000.mp4
3/23/2026 15:32,292,0.2,Brooklyn + Signage,coach2,Coach-2-hour-6-20260323150000.mp4
3/23/2026 15:09,295,6.1,Brooklyn + Signage,coach2,Coach-2-hour-6-20260323150000.mp4
3/23/2026 15:51,296,1.2,Brooklyn + Signage,coach2,Coach-2-hour-6-20260323150000.mp4
3/23/2026 15:43,316,712.19,Brooklyn + Signage,coach2,Coach-2-hour-6-20260323150000.mp4
3/23/2026 15:06,330,2.3,Brooklyn + Signage,coach2,Coach-2-hour-6-20260323150000.mp4
3/23/2026 15:43,342,7.3,Brooklyn + Signage,coach2,Coach-2-hour-6-20260323150000.mp4
3/23/2026 15:22,348,8.4,Brooklyn + Signage,coach2,Coach-2-hour-6-20260323150000.mp4
3/23/2026 15:55,356,0.1,Brooklyn + Signage,coach2,Coach-2-hour-6-20260323150000.mp4
3/23/2026 15:08,360,89.46,Brooklyn + Signage,coach2,Coach-2-hour-6-20260323150000.mp4
3/23/2026 15:35,363,71.77,Brooklyn + Signage,coach2,Coach-2-hour-6-20260323150000.mp4
3/23/2026 15:36,369,273.38,Brooklyn + Signage,coach2,Coach-2-hour-6-20260323150000.mp4
3/23/2026 15:33,370,0.2,Brooklyn + Signage,coach2,Coach-2-hour-6-20260323150000.mp4
3/23/2026 15:46,378,3.7,Brooklyn + Signage,coach2,Coach-2-hour-6-20260323150000.mp4
3/23/2026 15:40,392,5.0,Brooklyn + Signage,coach2,Coach-2-hour-6-20260323150000.mp4
3/23/2026 15:38,406,0.3,Brooklyn + Signage,coach2,Coach-2-hour-6-20260323150000.mp4
3/23/2026 15:38,407,72.37,Brooklyn + Signage,coach2,Coach-2-hour-6-20260323150000.mp4
3/23/2026 15:33,409,675.31,Brooklyn + Signage,coach2,Coach-2-hour-6-20260323150000.mp4
3/23/2026 15:43,434,0.2,Brooklyn + Signage,coach2,Coach-2-hour-6-20260323150000.mp4
3/23/2026 15:45,440,2.6,Brooklyn + Signage,coach2,Coach-2-hour-6-20260323150000.mp4
3/23/2026 15:42,455,11.89,Brooklyn + Signage,coach2,Coach-2-hour-6-20260323150000.mp4
3/23/2026 15:55,463,0.1,Brooklyn + Signage,coach2,Coach-2-hour-6-20260323150000.mp4
3/23/2026 15:20,475,1631.39,Brooklyn + Signage,coach2,Coach-2-hour-6-20260323150000.mp4
3/23/2026 15:35,487,0.1,Brooklyn + Signage,coach2,Coach-2-hour-6-20260323150000.mp4
3/23/2026 15:47,488,71.97,Brooklyn + Signage,coach2,Coach-2-hour-6-20260323150000.mp4
3/23/2026 15:45,505,1.8,Brooklyn + Signage,coach2,Coach-2-hour-6-20260323150000.mp4
3/23/2026 15:48,507,3.8,Brooklyn + Signage,coach2,Coach-2-hour-6-20260323150000.mp4
3/23/2026 15:46,528,3.1,Brooklyn + Signage,coach2,Coach-2-hour-6-20260323150000.mp4
3/23/2026 15:48,557,1.8,Brooklyn + Signage,coach2,Coach-2-hour-6-20260323150000.mp4
3/23/2026 15:51,599,8.3,Brooklyn + Signage,coach2,Coach-2-hour-6-20260323150000.mp4
3/23/2026 15:51,605,2.3,Brooklyn + Signage,coach2,Coach-2-hour-6-20260323150000.mp4
3/23/2026 15:58,626,0.5,Brooklyn + Signage,coach2,Coach-2-hour-6-20260323150000.mp4
3/23/2026 15:20,636,2.4,Brooklyn + Signage,coach2,Coach-2-hour-6-20260323150000.mp4
3/23/2026 15:53,640,0.1,Brooklyn + Signage,coach2,Coach-2-hour-6-20260323150000.mp4
3/23/2026 15:51,643,19.09,Brooklyn + Signage,coach2,Coach-2-hour-6-20260323150000.mp4
3/23/2026 15:57,684,0.1,Brooklyn + Signage,coach2,Coach-2-hour-6-20260323150000.mp4
3/23/2026 15:58,699,0.5,Brooklyn + Signage,coach2,Coach-2-hour-6-20260323150000.mp4
3/23/2026 15:45,714,734.88,Brooklyn + Signage,coach2,Coach-2-hour-6-20260323150000.mp4
3/23/2026 15:58,722,0.1,Brooklyn + Signage,coach2,Coach-2-hour-6-20260323150000.mp4
3/23/2026 15:59,732,11.1,Brooklyn + Signage,coach2,Coach-2-hour-6-20260323150000.mp4
3/23/2026 15:59,743,0.2,Brooklyn + Signage,coach2,Coach-2-hour-6-20260323150000.mp4
3/23/2026 15:58,752,0.6,Brooklyn + Signage,coach2,Coach-2-hour-6-20260323150000.mp4
3/23/2026 15:17,765,0.2,Brooklyn + Signage,coach2,Coach-2-hour-6-20260323150000.mp4
3/23/2026 15:46,800,1.8,Brooklyn + Signage,coach2,Coach-2-hour-6-20260323150000.mp4
3/23/2026 15:47,865,0.1,Brooklyn + Signage,coach2,Coach-2-hour-6-20260323150000.mp4
3/23/2026 15:32,866,5.1,Brooklyn + Signage,coach2,Coach-2-hour-6-20260323150000.mp4
3/23/2026 15:35,875,0.8,Brooklyn + Signage,coach2,Coach-2-hour-6-20260323150000.mp4
3/23/2026 16:45,3,1.1,Brooklyn + Signage,coach2,Coach-2-hour-7-20260323160000.mp4
3/23/2026 16:00,5,2.3,Brooklyn + Signage,coach2,Coach-2-hour-7-20260323160000.mp4
3/23/2026 16:00,6,0.2,Brooklyn + Signage,coach2,Coach-2-hour-7-20260323160000.mp4
3/23/2026 16:01,11,2301.5,Brooklyn + Signage,coach2,Coach-2-hour-7-20260323160000.mp4
3/23/2026 16:01,14,1990.63,Brooklyn + Signage,coach2,Coach-2-hour-7-20260323160000.mp4
3/23/2026 16:52,15,264.68,Brooklyn + Signage,coach2,Coach-2-hour-7-20260323160000.mp4
3/23/2026 16:01,16,1696.76,Brooklyn + Signage,coach2,Coach-2-hour-7-20260323160000.mp4
3/23/2026 16:34,19,1012.26,Brooklyn + Signage,coach2,Coach-2-hour-7-20260323160000.mp4
3/23/2026 16:37,22,853.13,Brooklyn + Signage,coach2,Coach-2-hour-7-20260323160000.mp4
3/23/2026 16:02,25,1595.2,Brooklyn + Signage,coach2,Coach-2-hour-7-20260323160000.mp4
3/23/2026 16:39,28,54.68,Brooklyn + Signage,coach2,Coach-2-hour-7-20260323160000.mp4
3/23/2026 16:16,33,328.56,Brooklyn + Signage,coach2,Coach-2-hour-7-20260323160000.mp4
3/23/2026 16:33,37,0.4,Brooklyn + Signage,coach2,Coach-2-hour-7-20260323160000.mp4
3/23/2026 16:33,38,225.9,Brooklyn + Signage,coach2,Coach-2-hour-7-20260323160000.mp4
3/23/2026 16:25,45,3.1,Brooklyn + Signage,coach2,Coach-2-hour-7-20260323160000.mp4
3/23/2026 16:41,46,874.82,Brooklyn + Signage,coach2,Coach-2-hour-7-20260323160000.mp4
3/23/2026 16:01,48,6.9,Brooklyn + Signage,coach2,Coach-2-hour-7-20260323160000.mp4
3/23/2026 16:33,49,1.5,Brooklyn + Signage,coach2,Coach-2-hour-7-20260323160000.mp4
3/23/2026 16:26,68,0.4,Brooklyn + Signage,coach2,Coach-2-hour-7-20260323160000.mp4
3/23/2026 16:05,71,185.32,Brooklyn + Signage,coach2,Coach-2-hour-7-20260323160000.mp4
3/23/2026 16:05,80,0.1,Brooklyn + Signage,coach2,Coach-2-hour-7-20260323160000.mp4
3/23/2026 16:05,81,2944.61,Brooklyn + Signage,coach2,Coach-2-hour-7-20260323160000.mp4
3/23/2026 16:33,83,216.71,Brooklyn + Signage,coach2,Coach-2-hour-7-20260323160000.mp4
3/23/2026 16:06,88,1619.89,Brooklyn + Signage,coach2,Coach-2-hour-7-20260323160000.mp4
3/23/2026 16:23,91,0.1,Brooklyn + Signage,coach2,Coach-2-hour-7-20260323160000.mp4
3/23/2026 16:07,99,7.9,Brooklyn + Signage,coach2,Coach-2-hour-7-20260323160000.mp4
3/23/2026 16:33,109,58.77,Brooklyn + Signage,coach2,Coach-2-hour-7-20260323160000.mp4
3/23/2026 16:39,110,1.2,Brooklyn + Signage,coach2,Coach-2-hour-7-20260323160000.mp4
3/23/2026 16:00,111,1029.95,Brooklyn + Signage,coach2,Coach-2-hour-7-20260323160000.mp4
3/23/2026 16:48,114,1.1,Brooklyn + Signage,coach2,Coach-2-hour-7-20260323160000.mp4
3/23/2026 16:37,120,0.2,Brooklyn + Signage,coach2,Coach-2-hour-7-20260323160000.mp4
3/23/2026 16:18,122,3.3,Brooklyn + Signage,coach2,Coach-2-hour-7-20260323160000.mp4
3/23/2026 16:21,123,911.8,Brooklyn + Signage,coach2,Coach-2-hour-7-20260323160000.mp4
3/23/2026 16:37,128,10.3,Brooklyn + Signage,coach2,Coach-2-hour-7-20260323160000.mp4
3/23/2026 16:24,130,471.39,Brooklyn + Signage,coach2,Coach-2-hour-7-20260323160000.mp4
3/23/2026 16:30,132,18.89,Brooklyn + Signage,coach2,Coach-2-hour-7-20260323160000.mp4
3/23/2026 16:05,136,1109.82,Brooklyn + Signage,coach2,Coach-2-hour-7-20260323160000.mp4
3/23/2026 16:07,140,159.63,Brooklyn + Signage,coach2,Coach-2-hour-7-20260323160000.mp4
3/23/2026 16:05,142,486.49,Brooklyn + Signage,coach2,Coach-2-hour-7-20260323160000.mp4
3/23/2026 16:37,147,0.7,Brooklyn + Signage,coach2,Coach-2-hour-7-20260323160000.mp4
3/23/2026 16:55,150,1.5,Brooklyn + Signage,coach2,Coach-2-hour-7-20260323160000.mp4
3/23/2026 16:06,151,17.69,Brooklyn + Signage,coach2,Coach-2-hour-7-20260323160000.mp4
3/23/2026 16:39,159,2.2,Brooklyn + Signage,coach2,Coach-2-hour-7-20260323160000.mp4
3/23/2026 16:53,162,0.4,Brooklyn + Signage,coach2,Coach-2-hour-7-20260323160000.mp4
3/23/2026 16:41,166,17.39,Brooklyn + Signage,coach2,Coach-2-hour-7-20260323160000.mp4
3/23/2026 16:33,167,4.2,Brooklyn + Signage,coach2,Coach-2-hour-7-20260323160000.mp4
3/23/2026 16:14,169,1151.1,Brooklyn + Signage,coach2,Coach-2-hour-7-20260323160000.mp4
3/23/2026 16:14,170,12.99,Brooklyn + Signage,coach2,Coach-2-hour-7-20260323160000.mp4
3/23/2026 16:33,179,21.49,Brooklyn + Signage,coach2,Coach-2-hour-7-20260323160000.mp4
3/23/2026 16:19,200,2353.27,Brooklyn + Signage,coach2,Coach-2-hour-7-20260323160000.mp4
3/23/2026 16:49,201,32.29,Brooklyn + Signage,coach2,Coach-2-hour-7-20260323160000.mp4
3/23/2026 16:10,205,7.6,Brooklyn + Signage,coach2,Coach-2-hour-7-20260323160000.mp4
3/23/2026 16:41,208,364.34,Brooklyn + Signage,coach2,Coach-2-hour-7-20260323160000.mp4
3/23/2026 16:18,211,20.49,Brooklyn + Signage,coach2,Coach-2-hour-7-20260323160000.mp4
3/23/2026 16:08,213,1233.76,Brooklyn + Signage,coach2,Coach-2-hour-7-20260323160000.mp4
3/23/2026 16:21,214,1329.82,Brooklyn + Signage,coach2,Coach-2-hour-7-20260323160000.mp4
3/23/2026 16:19,225,12.09,Brooklyn + Signage,coach2,Coach-2-hour-7-20260323160000.mp4
3/23/2026 16:40,236,1124.01,Brooklyn + Signage,coach2,Coach-2-hour-7-20260323160000.mp4
3/23/2026 16:13,249,596.24,Brooklyn + Signage,coach2,Coach-2-hour-7-20260323160000.mp4
3/23/2026 16:05,263,38.78,Brooklyn + Signage,coach2,Coach-2-hour-7-20260323160000.mp4
3/23/2026 16:34,270,0.2,Brooklyn + Signage,coach2,Coach-2-hour-7-20260323160000.mp4
3/23/2026 16:24,275,6.3,Brooklyn + Signage,coach2,Coach-2-hour-7-20260323160000.mp4
3/23/2026 16:08,290,2555.98,Brooklyn + Signage,coach2,Coach-2-hour-7-20260323160000.mp4
3/23/2026 16:55,292,1.3,Brooklyn + Signage,coach2,Coach-2-hour-7-20260323160000.mp4
3/23/2026 16:43,295,2.3,Brooklyn + Signage,coach2,Coach-2-hour-7-20260323160000.mp4
3/23/2026 16:03,299,1428.18,Brooklyn + Signage,coach2,Coach-2-hour-7-20260323160000.mp4
3/23/2026 16:29,308,0.6,Brooklyn + Signage,coach2,Coach-2-hour-7-20260323160000.mp4
3/23/2026 16:31,310,5.4,Brooklyn + Signage,coach2,Coach-2-hour-7-20260323160000.mp4
3/23/2026 16:41,316,492.68,Brooklyn + Signage,coach2,Coach-2-hour-7-20260323160000.mp4
3/23/2026 16:08,327,9.1,Brooklyn + Signage,coach2,Coach-2-hour-7-20260323160000.mp4
3/23/2026 16:32,342,6.3,Brooklyn + Signage,coach2,Coach-2-hour-7-20260323160000.mp4
3/23/2026 16:57,359,7.2,Brooklyn + Signage,coach2,Coach-2-hour-7-20260323160000.mp4
3/23/2026 16:26,360,22.29,Brooklyn + Signage,coach2,Coach-2-hour-7-20260323160000.mp4
3/23/2026 16:39,369,318.66,Brooklyn + Signage,coach2,Coach-2-hour-7-20260323160000.mp4
3/23/2026 16:34,371,13.79,Brooklyn + Signage,coach2,Coach-2-hour-7-20260323160000.mp4
3/23/2026 16:55,430,1.4,Brooklyn + Signage,coach2,Coach-2-hour-7-20260323160000.mp4
3/23/2026 16:55,444,36.38,Brooklyn + Signage,coach2,Coach-2-hour-7-20260323160000.mp4
3/23/2026 16:36,445,2.0,Brooklyn + Signage,coach2,Coach-2-hour-7-20260323160000.mp4
3/23/2026 16:32,451,1.6,Brooklyn + Signage,coach2,Coach-2-hour-7-20260323160000.mp4
3/23/2026 16:40,452,2.3,Brooklyn + Signage,coach2,Coach-2-hour-7-20260323160000.mp4
3/23/2026 16:33,455,0.1,Brooklyn + Signage,coach2,Coach-2-hour-7-20260323160000.mp4
3/23/2026 16:37,463,941.29,Brooklyn + Signage,coach2,Coach-2-hour-7-20260323160000.mp4
3/23/2026 16:25,464,0.2,Brooklyn + Signage,coach2,Coach-2-hour-7-20260323160000.mp4
3/23/2026 16:48,475,0.3,Brooklyn + Signage,coach2,Coach-2-hour-7-20260323160000.mp4
3/23/2026 16:34,507,379.53,Brooklyn + Signage,coach2,Coach-2-hour-7-20260323160000.mp4
3/23/2026 16:51,510,2.5,Brooklyn + Signage,coach2,Coach-2-hour-7-20260323160000.mp4
3/23/2026 16:02,537,4.1,Brooklyn + Signage,coach2,Coach-2-hour-7-20260323160000.mp4
3/23/2026 16:46,553,25.19,Brooklyn + Signage,coach2,Coach-2-hour-7-20260323160000.mp4
3/23/2026 16:11,570,0.2,Brooklyn + Signage,coach2,Coach-2-hour-7-20260323160000.mp4
3/23/2026 16:35,583,0.1,Brooklyn + Signage,coach2,Coach-2-hour-7-20260323160000.mp4
3/23/2026 16:27,599,1660.28,Brooklyn + Signage,coach2,Coach-2-hour-7-20260323160000.mp4
3/23/2026 16:57,605,18.19,Brooklyn + Signage,coach2,Coach-2-hour-7-20260323160000.mp4
3/23/2026 16:10,614,1401.59,Brooklyn + Signage,coach2,Coach-2-hour-7-20260323160000.mp4
3/23/2026 16:16,626,6.3,Brooklyn + Signage,coach2,Coach-2-hour-7-20260323160000.mp4
3/23/2026 16:14,636,1271.74,Brooklyn + Signage,coach2,Coach-2-hour-7-20260323160000.mp4
3/23/2026 16:59,664,4.0,Brooklyn + Signage,coach2,Coach-2-hour-7-20260323160000.mp4
3/23/2026 16:59,666,2.6,Brooklyn + Signage,coach2,Coach-2-hour-7-20260323160000.mp4
3/23/2026 16:55,667,1.5,Brooklyn + Signage,coach2,Coach-2-hour-7-20260323160000.mp4
3/23/2026 16:28,699,0.6,Brooklyn + Signage,coach2,Coach-2-hour-7-20260323160000.mp4
3/23/2026 16:40,711,411.32,Brooklyn + Signage,coach2,Coach-2-hour-7-20260323160000.mp4
3/23/2026 16:08,714,0.3,Brooklyn + Signage,coach2,Coach-2-hour-7-20260323160000.mp4
3/23/2026 16:32,743,4.5,Brooklyn + Signage,coach2,Coach-2-hour-7-20260323160000.mp4
3/23/2026 16:00,746,7.8,Brooklyn + Signage,coach2,Coach-2-hour-7-20260323160000.mp4
3/23/2026 16:33,752,2.1,Brooklyn + Signage,coach2,Coach-2-hour-7-20260323160000.mp4
3/23/2026 16:38,762,1.0,Brooklyn + Signage,coach2,Coach-2-hour-7-20260323160000.mp4
3/23/2026 16:28,765,2.6,Brooklyn + Signage,coach2,Coach-2-hour-7-20260323160000.mp4
3/23/2026 16:53,817,4.8,Brooklyn + Signage,coach2,Coach-2-hour-7-20260323160000.mp4
3/23/2026 16:16,833,2.1,Brooklyn + Signage,coach2,Coach-2-hour-7-20260323160000.mp4
3/23/2026 16:30,866,0.7,Brooklyn + Signage,coach2,Coach-2-hour-7-20260323160000.mp4
3/23/2026 17:28,1,5.7,Brooklyn + Signage,coach2,Coach-2-hour-8-20260323170000.mp4
3/23/2026 17:04,4,103.75,Brooklyn + Signage,coach2,Coach-2-hour-8-20260323170000.mp4
3/23/2026 17:25,10,0.6,Brooklyn + Signage,coach2,Coach-2-hour-8-20260323170000.mp4
3/23/2026 17:39,11,2.6,Brooklyn + Signage,coach2,Coach-2-hour-8-20260323170000.mp4
3/23/2026 17:21,15,1.7,Brooklyn + Signage,coach2,Coach-2-hour-8-20260323170000.mp4
3/23/2026 17:05,16,223.6,Brooklyn + Signage,coach2,Coach-2-hour-8-20260323170000.mp4
3/23/2026 17:28,17,7.5,Brooklyn + Signage,coach2,Coach-2-hour-8-20260323170000.mp4
3/23/2026 17:07,25,996.37,Brooklyn + Signage,coach2,Coach-2-hour-8-20260323170000.mp4
3/23/2026 17:04,27,1638.18,Brooklyn + Signage,coach2,Coach-2-hour-8-20260323170000.mp4
3/23/2026 17:50,33,0.1,Brooklyn + Signage,coach2,Coach-2-hour-8-20260323170000.mp4
3/23/2026 17:39,37,2.2,Brooklyn + Signage,coach2,Coach-2-hour-8-20260323170000.mp4
3/23/2026 17:31,45,3.6,Brooklyn + Signage,coach2,Coach-2-hour-8-20260323170000.mp4
3/23/2026 17:51,46,29.49,Brooklyn + Signage,coach2,Coach-2-hour-8-20260323170000.mp4
3/23/2026 17:52,48,0.2,Brooklyn + Signage,coach2,Coach-2-hour-8-20260323170000.mp4
3/23/2026 17:34,49,0.3,Brooklyn + Signage,coach2,Coach-2-hour-8-20260323170000.mp4
3/23/2026 17:24,59,0.1,Brooklyn + Signage,coach2,Coach-2-hour-8-20260323170000.mp4
3/23/2026 17:52,62,1.9,Brooklyn + Signage,coach2,Coach-2-hour-8-20260323170000.mp4
3/23/2026 17:55,68,5.5,Brooklyn + Signage,coach2,Coach-2-hour-8-20260323170000.mp4
3/23/2026 17:25,71,2.9,Brooklyn + Signage,coach2,Coach-2-hour-8-20260323170000.mp4
3/23/2026 17:08,80,6.9,Brooklyn + Signage,coach2,Coach-2-hour-8-20260323170000.mp4
3/23/2026 17:28,81,0.4,Brooklyn + Signage,coach2,Coach-2-hour-8-20260323170000.mp4
3/23/2026 17:26,82,2.3,Brooklyn + Signage,coach2,Coach-2-hour-8-20260323170000.mp4
3/23/2026 17:32,83,0.4,Brooklyn + Signage,coach2,Coach-2-hour-8-20260323170000.mp4
3/23/2026 17:28,90,14.89,Brooklyn + Signage,coach2,Coach-2-hour-8-20260323170000.mp4
3/23/2026 17:42,93,5.0,Brooklyn + Signage,coach2,Coach-2-hour-8-20260323170000.mp4
3/23/2026 17:25,94,1618.29,Brooklyn + Signage,coach2,Coach-2-hour-8-20260323170000.mp4
3/23/2026 17:23,99,497.38,Brooklyn + Signage,coach2,Coach-2-hour-8-20260323170000.mp4
3/23/2026 17:33,106,380.83,Brooklyn + Signage,coach2,Coach-2-hour-8-20260323170000.mp4
3/23/2026 17:43,110,0.2,Brooklyn + Signage,coach2,Coach-2-hour-8-20260323170000.mp4
3/23/2026 17:14,111,256.29,Brooklyn + Signage,coach2,Coach-2-hour-8-20260323170000.mp4
3/23/2026 17:53,122,3.3,Brooklyn + Signage,coach2,Coach-2-hour-8-20260323170000.mp4
3/23/2026 17:15,123,0.2,Brooklyn + Signage,coach2,Coach-2-hour-8-20260323170000.mp4
3/23/2026 17:21,128,7.0,Brooklyn + Signage,coach2,Coach-2-hour-8-20260323170000.mp4
3/23/2026 17:23,130,53.88,Brooklyn + Signage,coach2,Coach-2-hour-8-20260323170000.mp4
3/23/2026 17:30,132,3.2,Brooklyn + Signage,coach2,Coach-2-hour-8-20260323170000.mp4
3/23/2026 17:31,135,0.3,Brooklyn + Signage,coach2,Coach-2-hour-8-20260323170000.mp4
3/23/2026 17:35,146,1.2,Brooklyn + Signage,coach2,Coach-2-hour-8-20260323170000.mp4
3/23/2026 17:04,150,816.84,Brooklyn + Signage,coach2,Coach-2-hour-8-20260323170000.mp4
3/23/2026 17:15,159,1778.52,Brooklyn + Signage,coach2,Coach-2-hour-8-20260323170000.mp4
3/23/2026 17:49,162,0.4,Brooklyn + Signage,coach2,Coach-2-hour-8-20260323170000.mp4
3/23/2026 17:56,166,1.2,Brooklyn + Signage,coach2,Coach-2-hour-8-20260323170000.mp4
3/23/2026 17:33,172,0.1,Brooklyn + Signage,coach2,Coach-2-hour-8-20260323170000.mp4
3/23/2026 17:31,179,9.6,Brooklyn + Signage,coach2,Coach-2-hour-8-20260323170000.mp4
3/23/2026 17:24,190,1674.87,Brooklyn + Signage,coach2,Coach-2-hour-8-20260323170000.mp4
3/23/2026 17:44,197,0.8,Brooklyn + Signage,coach2,Coach-2-hour-8-20260323170000.mp4
3/23/2026 17:21,199,8.4,Brooklyn + Signage,coach2,Coach-2-hour-8-20260323170000.mp4
3/23/2026 17:29,204,0.6,Brooklyn + Signage,coach2,Coach-2-hour-8-20260323170000.mp4
3/23/2026 17:05,208,1152.5,Brooklyn + Signage,coach2,Coach-2-hour-8-20260323170000.mp4
3/23/2026 17:59,213,6.7,Brooklyn + Signage,coach2,Coach-2-hour-8-20260323170000.mp4
3/23/2026 17:23,226,2160.06,Brooklyn + Signage,coach2,Coach-2-hour-8-20260323170000.mp4
3/23/2026 17:02,241,2.3,Brooklyn + Signage,coach2,Coach-2-hour-8-20260323170000.mp4
3/23/2026 17:41,246,1.2,Brooklyn + Signage,coach2,Coach-2-hour-8-20260323170000.mp4
3/23/2026 17:26,256,0.3,Brooklyn + Signage,coach2,Coach-2-hour-8-20260323170000.mp4
3/23/2026 17:25,257,0.2,Brooklyn + Signage,coach2,Coach-2-hour-8-20260323170000.mp4
3/23/2026 17:39,263,706.59,Brooklyn + Signage,coach2,Coach-2-hour-8-20260323170000.mp4
3/23/2026 17:25,264,0.1,Brooklyn + Signage,coach2,Coach-2-hour-8-20260323170000.mp4
3/23/2026 17:49,266,1.5,Brooklyn + Signage,coach2,Coach-2-hour-8-20260323170000.mp4
3/23/2026 17:54,268,35.58,Brooklyn + Signage,coach2,Coach-2-hour-8-20260323170000.mp4
3/23/2026 17:16,290,76.67,Brooklyn + Signage,coach2,Coach-2-hour-8-20260323170000.mp4
3/23/2026 17:19,295,418.62,Brooklyn + Signage,coach2,Coach-2-hour-8-20260323170000.mp4
3/23/2026 17:36,296,2.2,Brooklyn + Signage,coach2,Coach-2-hour-8-20260323170000.mp4
3/23/2026 17:34,308,608.93,Brooklyn + Signage,coach2,Coach-2-hour-8-20260323170000.mp4
3/23/2026 17:38,316,14.29,Brooklyn + Signage,coach2,Coach-2-hour-8-20260323170000.mp4
3/23/2026 17:42,321,3.0,Brooklyn + Signage,coach2,Coach-2-hour-8-20260323170000.mp4
3/23/2026 17:28,336,0.1,Brooklyn + Signage,coach2,Coach-2-hour-8-20260323170000.mp4
3/23/2026 17:29,339,935.39,Brooklyn + Signage,coach2,Coach-2-hour-8-20260323170000.mp4
3/23/2026 17:29,342,18.39,Brooklyn + Signage,coach2,Coach-2-hour-8-20260323170000.mp4
3/23/2026 17:29,348,0.1,Brooklyn + Signage,coach2,Coach-2-hour-8-20260323170000.mp4
3/23/2026 17:29,356,6.4,Brooklyn + Signage,coach2,Coach-2-hour-8-20260323170000.mp4
3/23/2026 17:55,359,95.96,Brooklyn + Signage,coach2,Coach-2-hour-8-20260323170000.mp4
3/23/2026 17:59,363,4.2,Brooklyn + Signage,coach2,Coach-2-hour-8-20260323170000.mp4
3/23/2026 17:33,367,0.3,Brooklyn + Signage,coach2,Coach-2-hour-8-20260323170000.mp4
3/23/2026 17:25,371,5.2,Brooklyn + Signage,coach2,Coach-2-hour-8-20260323170000.mp4
3/23/2026 17:26,378,0.2,Brooklyn + Signage,coach2,Coach-2-hour-8-20260323170000.mp4
3/23/2026 17:41,381,0.2,Brooklyn + Signage,coach2,Coach-2-hour-8-20260323170000.mp4
3/23/2026 17:57,390,1.0,Brooklyn + Signage,coach2,Coach-2-hour-8-20260323170000.mp4
3/23/2026 17:31,406,0.1,Brooklyn + Signage,coach2,Coach-2-hour-8-20260323170000.mp4
3/23/2026 17:34,429,287.97,Brooklyn + Signage,coach2,Coach-2-hour-8-20260323170000.mp4
3/23/2026 17:32,434,166.43,Brooklyn + Signage,coach2,Coach-2-hour-8-20260323170000.mp4
3/23/2026 17:40,444,25.19,Brooklyn + Signage,coach2,Coach-2-hour-8-20260323170000.mp4
3/23/2026 17:14,445,0.8,Brooklyn + Signage,coach2,Coach-2-hour-8-20260323170000.mp4
3/23/2026 17:17,455,1360.51,Brooklyn + Signage,coach2,Coach-2-hour-8-20260323170000.mp4
3/23/2026 17:32,464,0.9,Brooklyn + Signage,coach2,Coach-2-hour-8-20260323170000.mp4
3/23/2026 17:38,487,67.87,Brooklyn + Signage,coach2,Coach-2-hour-8-20260323170000.mp4
3/23/2026 17:49,488,45.08,Brooklyn + Signage,coach2,Coach-2-hour-8-20260323170000.mp4
3/23/2026 17:28,507,730.08,Brooklyn + Signage,coach2,Coach-2-hour-8-20260323170000.mp4
3/23/2026 17:06,510,0.3,Brooklyn + Signage,coach2,Coach-2-hour-8-20260323170000.mp4
3/23/2026 17:41,512,16.19,Brooklyn + Signage,coach2,Coach-2-hour-8-20260323170000.mp4
3/23/2026 17:31,528,0.8,Brooklyn + Signage,coach2,Coach-2-hour-8-20260323170000.mp4
3/23/2026 17:44,539,1.8,Brooklyn + Signage,coach2,Coach-2-hour-8-20260323170000.mp4
3/23/2026 17:43,563,9.0,Brooklyn + Signage,coach2,Coach-2-hour-8-20260323170000.mp4
3/23/2026 17:43,566,3.0,Brooklyn + Signage,coach2,Coach-2-hour-8-20260323170000.mp4
3/23/2026 17:32,583,0.3,Brooklyn + Signage,coach2,Coach-2-hour-8-20260323170000.mp4
3/23/2026 17:05,599,588.44,Brooklyn + Signage,coach2,Coach-2-hour-8-20260323170000.mp4
3/23/2026 17:29,605,352.15,Brooklyn + Signage,coach2,Coach-2-hour-8-20260323170000.mp4
3/23/2026 17:31,636,5.6,Brooklyn + Signage,coach2,Coach-2-hour-8-20260323170000.mp4
3/23/2026 17:23,640,1.7,Brooklyn + Signage,coach2,Coach-2-hour-8-20260323170000.mp4
3/23/2026 17:43,644,568.55,Brooklyn + Signage,coach2,Coach-2-hour-8-20260323170000.mp4
3/23/2026 17:34,664,0.7,Brooklyn + Signage,coach2,Coach-2-hour-8-20260323170000.mp4
3/23/2026 17:14,666,2.2,Brooklyn + Signage,coach2,Coach-2-hour-8-20260323170000.mp4
3/23/2026 17:49,684,7.7,Brooklyn + Signage,coach2,Coach-2-hour-8-20260323170000.mp4
3/23/2026 17:31,699,0.3,Brooklyn + Signage,coach2,Coach-2-hour-8-20260323170000.mp4
3/23/2026 17:31,728,0.3,Brooklyn + Signage,coach2,Coach-2-hour-8-20260323170000.mp4
3/23/2026 17:26,786,5.8,Brooklyn + Signage,coach2,Coach-2-hour-8-20260323170000.mp4
3/23/2026 17:20,833,4.3,Brooklyn + Signage,coach2,Coach-2-hour-8-20260323170000.mp4
3/23/2026 17:23,839,0.6,Brooklyn + Signage,coach2,Coach-2-hour-8-20260323170000.mp4
3/23/2026 17:44,866,3.1,Brooklyn + Signage,coach2,Coach-2-hour-8-20260323170000.mp4
3/23/2026 18:41,14,10.8,Brooklyn + Signage,coach2,Coach-2-hour-9-20260323180000.mp4
3/23/2026 18:01,15,1778.62,Brooklyn + Signage,coach2,Coach-2-hour-9-20260323180000.mp4
3/23/2026 18:22,16,2255.42,Brooklyn + Signage,coach2,Coach-2-hour-9-20260323180000.mp4
3/23/2026 18:37,19,201.01,Brooklyn + Signage,coach2,Coach-2-hour-9-20260323180000.mp4
3/23/2026 18:39,22,0.1,Brooklyn + Signage,coach2,Coach-2-hour-9-20260323180000.mp4
3/23/2026 18:18,25,1964.44,Brooklyn + Signage,coach2,Coach-2-hour-9-20260323180000.mp4
3/23/2026 18:03,28,2348.07,Brooklyn + Signage,coach2,Coach-2-hour-9-20260323180000.mp4
3/23/2026 18:30,33,10.7,Brooklyn + Signage,coach2,Coach-2-hour-9-20260323180000.mp4
3/23/2026 18:15,34,0.6,Brooklyn + Signage,coach2,Coach-2-hour-9-20260323180000.mp4
3/23/2026 18:39,37,1.5,Brooklyn + Signage,coach2,Coach-2-hour-9-20260323180000.mp4
3/23/2026 18:03,38,1919.16,Brooklyn + Signage,coach2,Coach-2-hour-9-20260323180000.mp4
3/23/2026 18:24,42,3.9,Brooklyn + Signage,coach2,Coach-2-hour-9-20260323180000.mp4
3/23/2026 18:31,43,0.1,Brooklyn + Signage,coach2,Coach-2-hour-9-20260323180000.mp4
3/23/2026 18:41,46,199.41,Brooklyn + Signage,coach2,Coach-2-hour-9-20260323180000.mp4
3/23/2026 18:49,48,7.4,Brooklyn + Signage,coach2,Coach-2-hour-9-20260323180000.mp4
3/23/2026 18:51,49,5.9,Brooklyn + Signage,coach2,Coach-2-hour-9-20260323180000.mp4
3/23/2026 18:31,53,4.5,Brooklyn + Signage,coach2,Coach-2-hour-9-20260323180000.mp4
3/23/2026 18:36,55,29.79,Brooklyn + Signage,coach2,Coach-2-hour-9-20260323180000.mp4
3/23/2026 18:00,70,1.0,Brooklyn + Signage,coach2,Coach-2-hour-9-20260323180000.mp4
3/23/2026 18:23,77,5.5,Brooklyn + Signage,coach2,Coach-2-hour-9-20260323180000.mp4
3/23/2026 18:57,79,0.3,Brooklyn + Signage,coach2,Coach-2-hour-9-20260323180000.mp4
3/23/2026 18:36,81,2.2,Brooklyn + Signage,coach2,Coach-2-hour-9-20260323180000.mp4
3/23/2026 18:03,82,2785.68,Brooklyn + Signage,coach2,Coach-2-hour-9-20260323180000.mp4
3/23/2026 18:02,83,2.0,Brooklyn + Signage,coach2,Coach-2-hour-9-20260323180000.mp4
3/23/2026 18:36,90,2.6,Brooklyn + Signage,coach2,Coach-2-hour-9-20260323180000.mp4
3/23/2026 18:20,91,1250.25,Brooklyn + Signage,coach2,Coach-2-hour-9-20260323180000.mp4
3/23/2026 18:12,94,0.1,Brooklyn + Signage,coach2,Coach-2-hour-9-20260323180000.mp4
3/23/2026 18:56,99,1.3,Brooklyn + Signage,coach2,Coach-2-hour-9-20260323180000.mp4
3/23/2026 18:46,109,0.3,Brooklyn + Signage,coach2,Coach-2-hour-9-20260323180000.mp4
3/23/2026 18:50,110,0.2,Brooklyn + Signage,coach2,Coach-2-hour-9-20260323180000.mp4
3/23/2026 18:43,116,5.6,Brooklyn + Signage,coach2,Coach-2-hour-9-20260323180000.mp4
3/23/2026 18:57,119,5.0,Brooklyn + Signage,coach2,Coach-2-hour-9-20260323180000.mp4
3/23/2026 18:43,120,0.7,Brooklyn + Signage,coach2,Coach-2-hour-9-20260323180000.mp4
3/23/2026 18:14,128,618.03,Brooklyn + Signage,coach2,Coach-2-hour-9-20260323180000.mp4
3/23/2026 18:16,132,29.89,Brooklyn + Signage,coach2,Coach-2-hour-9-20260323180000.mp4
3/23/2026 18:06,136,807.35,Brooklyn + Signage,coach2,Coach-2-hour-9-20260323180000.mp4
3/23/2026 18:10,146,414.02,Brooklyn + Signage,coach2,Coach-2-hour-9-20260323180000.mp4
3/23/2026 18:48,150,119.65,Brooklyn + Signage,coach2,Coach-2-hour-9-20260323180000.mp4
3/23/2026 18:56,151,3.0,Brooklyn + Signage,coach2,Coach-2-hour-9-20260323180000.mp4
3/23/2026 18:19,159,11.1,Brooklyn + Signage,coach2,Coach-2-hour-9-20260323180000.mp4
3/23/2026 18:32,161,1.9,Brooklyn + Signage,coach2,Coach-2-hour-9-20260323180000.mp4
3/23/2026 18:21,162,1243.76,Brooklyn + Signage,coach2,Coach-2-hour-9-20260323180000.mp4
3/23/2026 18:59,163,1.2,Brooklyn + Signage,coach2,Coach-2-hour-9-20260323180000.mp4
3/23/2026 18:19,168,0.2,Brooklyn + Signage,coach2,Coach-2-hour-9-20260323180000.mp4
3/23/2026 18:45,169,0.4,Brooklyn + Signage,coach2,Coach-2-hour-9-20260323180000.mp4
3/23/2026 18:22,179,0.8,Brooklyn + Signage,coach2,Coach-2-hour-9-20260323180000.mp4
3/23/2026 18:49,180,1.2,Brooklyn + Signage,coach2,Coach-2-hour-9-20260323180000.mp4
3/23/2026 18:30,183,0.4,Brooklyn + Signage,coach2,Coach-2-hour-9-20260323180000.mp4
3/23/2026 18:45,190,620.93,Brooklyn + Signage,coach2,Coach-2-hour-9-20260323180000.mp4
3/23/2026 18:31,196,0.9,Brooklyn + Signage,coach2,Coach-2-hour-9-20260323180000.mp4
3/23/2026 18:15,197,5.6,Brooklyn + Signage,coach2,Coach-2-hour-9-20260323180000.mp4
3/23/2026 18:22,199,2195.74,Brooklyn + Signage,coach2,Coach-2-hour-9-20260323180000.mp4
3/23/2026 18:46,200,1.6,Brooklyn + Signage,coach2,Coach-2-hour-9-20260323180000.mp4
3/23/2026 18:58,201,11.2,Brooklyn + Signage,coach2,Coach-2-hour-9-20260323180000.mp4
3/23/2026 18:54,202,105.15,Brooklyn + Signage,coach2,Coach-2-hour-9-20260323180000.mp4
3/23/2026 18:39,204,233.8,Brooklyn + Signage,coach2,Coach-2-hour-9-20260323180000.mp4
3/23/2026 18:23,207,1.9,Brooklyn + Signage,coach2,Coach-2-hour-9-20260323180000.mp4
3/23/2026 18:21,213,1165.19,Brooklyn + Signage,coach2,Coach-2-hour-9-20260323180000.mp4
3/23/2026 18:15,214,12.99,Brooklyn + Signage,coach2,Coach-2-hour-9-20260323180000.mp4
3/23/2026 18:54,225,0.2,Brooklyn + Signage,coach2,Coach-2-hour-9-20260323180000.mp4
3/23/2026 18:25,226,2064.4,Brooklyn + Signage,coach2,Coach-2-hour-9-20260323180000.mp4
3/23/2026 18:31,239,0.7,Brooklyn + Signage,coach2,Coach-2-hour-9-20260323180000.mp4
3/23/2026 18:51,244,27.49,Brooklyn + Signage,coach2,Coach-2-hour-9-20260323180000.mp4
3/23/2026 18:28,246,2.5,Brooklyn + Signage,coach2,Coach-2-hour-9-20260323180000.mp4
3/23/2026 18:28,247,9.3,Brooklyn + Signage,coach2,Coach-2-hour-9-20260323180000.mp4
3/23/2026 18:39,249,0.1,Brooklyn + Signage,coach2,Coach-2-hour-9-20260323180000.mp4
3/23/2026 18:52,256,25.29,Brooklyn + Signage,coach2,Coach-2-hour-9-20260323180000.mp4
3/23/2026 18:19,257,3.3,Brooklyn + Signage,coach2,Coach-2-hour-9-20260323180000.mp4
3/23/2026 18:10,266,832.84,Brooklyn + Signage,coach2,Coach-2-hour-9-20260323180000.mp4
3/23/2026 18:00,275,2.6,Brooklyn + Signage,coach2,Coach-2-hour-9-20260323180000.mp4
3/23/2026 18:37,288,3.4,Brooklyn + Signage,coach2,Coach-2-hour-9-20260323180000.mp4
3/23/2026 18:58,295,5.1,Brooklyn + Signage,coach2,Coach-2-hour-9-20260323180000.mp4
3/23/2026 18:37,296,4.8,Brooklyn + Signage,coach2,Coach-2-hour-9-20260323180000.mp4
3/23/2026 18:36,304,1370.2,Brooklyn + Signage,coach2,Coach-2-hour-9-20260323180000.mp4
3/23/2026 18:49,315,2.3,Brooklyn + Signage,coach2,Coach-2-hour-9-20260323180000.mp4
3/23/2026 18:50,316,19.29,Brooklyn + Signage,coach2,Coach-2-hour-9-20260323180000.mp4
3/23/2026 18:43,330,0.7,Brooklyn + Signage,coach2,Coach-2-hour-9-20260323180000.mp4
3/23/2026 18:36,342,0.7,Brooklyn + Signage,coach2,Coach-2-hour-9-20260323180000.mp4
3/23/2026 18:28,348,6.5,Brooklyn + Signage,coach2,Coach-2-hour-9-20260323180000.mp4
3/23/2026 18:23,357,1.6,Brooklyn + Signage,coach2,Coach-2-hour-9-20260323180000.mp4
3/23/2026 18:16,378,5.0,Brooklyn + Signage,coach2,Coach-2-hour-9-20260323180000.mp4
3/23/2026 18:12,390,7.0,Brooklyn + Signage,coach2,Coach-2-hour-9-20260323180000.mp4
3/23/2026 18:39,400,0.1,Brooklyn + Signage,coach2,Coach-2-hour-9-20260323180000.mp4
3/23/2026 18:35,407,0.6,Brooklyn + Signage,coach2,Coach-2-hour-9-20260323180000.mp4
3/23/2026 18:40,412,7.9,Brooklyn + Signage,coach2,Coach-2-hour-9-20260323180000.mp4
3/23/2026 18:24,440,1089.72,Brooklyn + Signage,coach2,Coach-2-hour-9-20260323180000.mp4
3/23/2026 18:42,442,13.59,Brooklyn + Signage,coach2,Coach-2-hour-9-20260323180000.mp4
3/23/2026 18:44,444,749.27,Brooklyn + Signage,coach2,Coach-2-hour-9-20260323180000.mp4
3/23/2026 18:38,460,2.6,Brooklyn + Signage,coach2,Coach-2-hour-9-20260323180000.mp4
3/23/2026 18:55,463,13.79,Brooklyn + Signage,coach2,Coach-2-hour-9-20260323180000.mp4
3/23/2026 18:14,464,4.9,Brooklyn + Signage,coach2,Coach-2-hour-9-20260323180000.mp4
3/23/2026 18:39,471,5.4,Brooklyn + Signage,coach2,Coach-2-hour-9-20260323180000.mp4
3/23/2026 18:08,479,8.8,Brooklyn + Signage,coach2,Coach-2-hour-9-20260323180000.mp4
3/23/2026 18:43,482,218.1,Brooklyn + Signage,coach2,Coach-2-hour-9-20260323180000.mp4
3/23/2026 18:38,487,0.2,Brooklyn + Signage,coach2,Coach-2-hour-9-20260323180000.mp4
3/23/2026 18:27,488,8.3,Brooklyn + Signage,coach2,Coach-2-hour-9-20260323180000.mp4
3/23/2026 18:48,504,15.69,Brooklyn + Signage,coach2,Coach-2-hour-9-20260323180000.mp4
3/23/2026 18:36,510,519.87,Brooklyn + Signage,coach2,Coach-2-hour-9-20260323180000.mp4
3/23/2026 18:45,516,0.4,Brooklyn + Signage,coach2,Coach-2-hour-9-20260323180000.mp4
3/23/2026 18:59,523,2.4,Brooklyn + Signage,coach2,Coach-2-hour-9-20260323180000.mp4
3/23/2026 18:51,540,29.99,Brooklyn + Signage,coach2,Coach-2-hour-9-20260323180000.mp4
3/23/2026 18:51,553,3.5,Brooklyn + Signage,coach2,Coach-2-hour-9-20260323180000.mp4
3/23/2026 18:18,563,29.29,Brooklyn + Signage,coach2,Coach-2-hour-9-20260323180000.mp4
3/23/2026 18:45,566,0.6,Brooklyn + Signage,coach2,Coach-2-hour-9-20260323180000.mp4
3/23/2026 18:45,570,501.78,Brooklyn + Signage,coach2,Coach-2-hour-9-20260323180000.mp4
3/23/2026 18:44,582,7.0,Brooklyn + Signage,coach2,Coach-2-hour-9-20260323180000.mp4
3/23/2026 18:42,583,0.5,Brooklyn + Signage,coach2,Coach-2-hour-9-20260323180000.mp4
3/23/2026 18:51,593,433.41,Brooklyn + Signage,coach2,Coach-2-hour-9-20260323180000.mp4
3/23/2026 18:51,604,7.0,Brooklyn + Signage,coach2,Coach-2-hour-9-20260323180000.mp4
3/23/2026 18:49,617,5.2,Brooklyn + Signage,coach2,Coach-2-hour-9-20260323180000.mp4
3/23/2026 18:58,659,0.5,Brooklyn + Signage,coach2,Coach-2-hour-9-20260323180000.mp4
3/23/2026 18:50,667,1.3,Brooklyn + Signage,coach2,Coach-2-hour-9-20260323180000.mp4
3/23/2026 18:58,680,0.3,Brooklyn + Signage,coach2,Coach-2-hour-9-20260323180000.mp4
3/23/2026 18:58,683,3.3,Brooklyn + Signage,coach2,Coach-2-hour-9-20260323180000.mp4
3/23/2026 18:59,701,26.69,Brooklyn + Signage,coach2,Coach-2-hour-9-20260323180000.mp4
3/23/2026 18:19,711,3.1,Brooklyn + Signage,coach2,Coach-2-hour-9-20260323180000.mp4
3/23/2026 18:51,720,1.0,Brooklyn + Signage,coach2,Coach-2-hour-9-20260323180000.mp4
3/23/2026 18:16,722,2499.01,Brooklyn + Signage,coach2,Coach-2-hour-9-20260323180000.mp4
3/23/2026 18:20,743,684.3,Brooklyn + Signage,coach2,Coach-2-hour-9-20260323180000.mp4
3/23/2026 18:38,762,3.8,Brooklyn + Signage,coach2,Coach-2-hour-9-20260323180000.mp4
3/23/2026 18:45,765,9.2,Brooklyn + Signage,coach2,Coach-2-hour-9-20260323180000.mp4
3/23/2026 18:19,865,7.3,Brooklyn + Signage,coach2,Coach-2-hour-9-20260323180000.mp4
3/23/2026 19:50,1,0.8,Brooklyn + Signage,coach2,Coach-2-hour-10-20260323190000.mp4
3/23/2026 19:06,11,1.1,Brooklyn + Signage,coach2,Coach-2-hour-10-20260323190000.mp4
3/23/2026 19:35,34,0.7,Brooklyn + Signage,coach2,Coach-2-hour-10-20260323190000.mp4
3/23/2026 19:50,37,22.69,Brooklyn + Signage,coach2,Coach-2-hour-10-20260323190000.mp4
3/23/2026 19:10,38,2.3,Brooklyn + Signage,coach2,Coach-2-hour-10-20260323190000.mp4
3/23/2026 19:35,45,14.79,Brooklyn + Signage,coach2,Coach-2-hour-10-20260323190000.mp4
3/23/2026 19:56,46,2.2,Brooklyn + Signage,coach2,Coach-2-hour-10-20260323190000.mp4
3/23/2026 19:34,47,1.8,Brooklyn + Signage,coach2,Coach-2-hour-10-20260323190000.mp4
3/23/2026 19:03,48,88.96,Brooklyn + Signage,coach2,Coach-2-hour-10-20260323190000.mp4
3/23/2026 19:10,59,257.29,Brooklyn + Signage,coach2,Coach-2-hour-10-20260323190000.mp4
3/23/2026 19:02,77,6.0,Brooklyn + Signage,coach2,Coach-2-hour-10-20260323190000.mp4
3/23/2026 19:17,79,9.6,Brooklyn + Signage,coach2,Coach-2-hour-10-20260323190000.mp4
3/23/2026 19:14,81,0.2,Brooklyn + Signage,coach2,Coach-2-hour-10-20260323190000.mp4
3/23/2026 19:08,91,1.5,Brooklyn + Signage,coach2,Coach-2-hour-10-20260323190000.mp4
3/23/2026 19:27,93,1.4,Brooklyn + Signage,coach2,Coach-2-hour-10-20260323190000.mp4
3/23/2026 19:57,96,9.2,Brooklyn + Signage,coach2,Coach-2-hour-10-20260323190000.mp4
3/23/2026 19:47,99,23.39,Brooklyn + Signage,coach2,Coach-2-hour-10-20260323190000.mp4
3/23/2026 19:16,109,1.3,Brooklyn + Signage,coach2,Coach-2-hour-10-20260323190000.mp4
3/23/2026 19:52,114,1.0,Brooklyn + Signage,coach2,Coach-2-hour-10-20260323190000.mp4
3/23/2026 19:36,120,3.3,Brooklyn + Signage,coach2,Coach-2-hour-10-20260323190000.mp4
3/23/2026 19:36,128,2.7,Brooklyn + Signage,coach2,Coach-2-hour-10-20260323190000.mp4
3/23/2026 19:22,130,2194.74,Brooklyn + Signage,coach2,Coach-2-hour-10-20260323190000.mp4
3/23/2026 19:41,135,127.94,Brooklyn + Signage,coach2,Coach-2-hour-10-20260323190000.mp4
3/23/2026 19:43,136,164.83,Brooklyn + Signage,coach2,Coach-2-hour-10-20260323190000.mp4
3/23/2026 19:26,141,1144.6,Brooklyn + Signage,coach2,Coach-2-hour-10-20260323190000.mp4
3/23/2026 19:47,145,0.3,Brooklyn + Signage,coach2,Coach-2-hour-10-20260323190000.mp4
3/23/2026 19:36,147,0.1,Brooklyn + Signage,coach2,Coach-2-hour-10-20260323190000.mp4
3/23/2026 19:16,150,2466.12,Brooklyn + Signage,coach2,Coach-2-hour-10-20260323190000.mp4
3/23/2026 19:11,151,25.59,Brooklyn + Signage,coach2,Coach-2-hour-10-20260323190000.mp4
3/23/2026 19:16,159,2162.76,Brooklyn + Signage,coach2,Coach-2-hour-10-20260323190000.mp4
3/23/2026 19:01,161,2.1,Brooklyn + Signage,coach2,Coach-2-hour-10-20260323190000.mp4
3/23/2026 19:03,169,851.43,Brooklyn + Signage,coach2,Coach-2-hour-10-20260323190000.mp4
3/23/2026 19:22,178,0.3,Brooklyn + Signage,coach2,Coach-2-hour-10-20260323190000.mp4
3/23/2026 19:21,180,0.6,Brooklyn + Signage,coach2,Coach-2-hour-10-20260323190000.mp4
3/23/2026 19:11,183,1.9,Brooklyn + Signage,coach2,Coach-2-hour-10-20260323190000.mp4
3/23/2026 19:47,190,287.27,Brooklyn + Signage,coach2,Coach-2-hour-10-20260323190000.mp4
3/23/2026 19:35,199,3.2,Brooklyn + Signage,coach2,Coach-2-hour-10-20260323190000.mp4
3/23/2026 19:47,209,6.2,Brooklyn + Signage,coach2,Coach-2-hour-10-20260323190000.mp4
3/23/2026 19:44,225,5.5,Brooklyn + Signage,coach2,Coach-2-hour-10-20260323190000.mp4
3/23/2026 19:51,228,32.19,Brooklyn + Signage,coach2,Coach-2-hour-10-20260323190000.mp4
3/23/2026 19:38,239,6.7,Brooklyn + Signage,coach2,Coach-2-hour-10-20260323190000.mp4
3/23/2026 19:24,241,2.3,Brooklyn + Signage,coach2,Coach-2-hour-10-20260323190000.mp4
3/23/2026 19:31,278,5.0,Brooklyn + Signage,coach2,Coach-2-hour-10-20260323190000.mp4
3/23/2026 19:56,286,0.2,Brooklyn + Signage,coach2,Coach-2-hour-10-20260323190000.mp4
3/23/2026 19:01,288,270.28,Brooklyn + Signage,coach2,Coach-2-hour-10-20260323190000.mp4
3/23/2026 19:35,308,0.6,Brooklyn + Signage,coach2,Coach-2-hour-10-20260323190000.mp4
3/23/2026 19:14,315,0.4,Brooklyn + Signage,coach2,Coach-2-hour-10-20260323190000.mp4
3/23/2026 19:31,316,0.3,Brooklyn + Signage,coach2,Coach-2-hour-10-20260323190000.mp4
3/23/2026 19:37,335,3.9,Brooklyn + Signage,coach2,Coach-2-hour-10-20260323190000.mp4
3/23/2026 19:20,345,2010.02,Brooklyn + Signage,coach2,Coach-2-hour-10-20260323190000.mp4
3/23/2026 19:52,356,12.89,Brooklyn + Signage,coach2,Coach-2-hour-10-20260323190000.mp4
3/23/2026 19:56,389,2.0,Brooklyn + Signage,coach2,Coach-2-hour-10-20260323190000.mp4
3/23/2026 19:29,395,1138.1,Brooklyn + Signage,coach2,Coach-2-hour-10-20260323190000.mp4
3/23/2026 19:01,400,20.49,Brooklyn + Signage,coach2,Coach-2-hour-10-20260323190000.mp4
3/23/2026 19:06,406,0.7,Brooklyn + Signage,coach2,Coach-2-hour-10-20260323190000.mp4
3/23/2026 19:51,409,0.2,Brooklyn + Signage,coach2,Coach-2-hour-10-20260323190000.mp4
3/23/2026 19:35,422,0.7,Brooklyn + Signage,coach2,Coach-2-hour-10-20260323190000.mp4
3/23/2026 19:46,432,1.8,Brooklyn + Signage,coach2,Coach-2-hour-10-20260323190000.mp4
3/23/2026 19:46,435,16.19,Brooklyn + Signage,coach2,Coach-2-hour-10-20260323190000.mp4
3/23/2026 19:47,439,646.42,Brooklyn + Signage,coach2,Coach-2-hour-10-20260323190000.mp4
3/23/2026 19:26,440,4.7,Brooklyn + Signage,coach2,Coach-2-hour-10-20260323190000.mp4
3/23/2026 19:01,442,1864.39,Brooklyn + Signage,coach2,Coach-2-hour-10-20260323190000.mp4
3/23/2026 19:39,455,579.55,Brooklyn + Signage,coach2,Coach-2-hour-10-20260323190000.mp4
3/23/2026 19:42,463,2.7,Brooklyn + Signage,coach2,Coach-2-hour-10-20260323190000.mp4
3/23/2026 19:34,471,1054.34,Brooklyn + Signage,coach2,Coach-2-hour-10-20260323190000.mp4
3/23/2026 19:56,505,0.4,Brooklyn + Signage,coach2,Coach-2-hour-10-20260323190000.mp4
3/23/2026 19:33,512,0.2,Brooklyn + Signage,coach2,Coach-2-hour-10-20260323190000.mp4
3/23/2026 19:19,523,1013.56,Brooklyn + Signage,coach2,Coach-2-hour-10-20260323190000.mp4
3/23/2026 19:03,539,7.3,Brooklyn + Signage,coach2,Coach-2-hour-10-20260323190000.mp4
3/23/2026 19:57,540,1.7,Brooklyn + Signage,coach2,Coach-2-hour-10-20260323190000.mp4
3/23/2026 19:21,553,4.7,Brooklyn + Signage,coach2,Coach-2-hour-10-20260323190000.mp4
3/23/2026 19:24,557,6.7,Brooklyn + Signage,coach2,Coach-2-hour-10-20260323190000.mp4
3/23/2026 19:57,583,11.49,Brooklyn + Signage,coach2,Coach-2-hour-10-20260323190000.mp4
3/23/2026 19:30,593,36.68,Brooklyn + Signage,coach2,Coach-2-hour-10-20260323190000.mp4
3/23/2026 19:38,599,3.8,Brooklyn + Signage,coach2,Coach-2-hour-10-20260323190000.mp4
3/23/2026 19:12,617,233.0,Brooklyn + Signage,coach2,Coach-2-hour-10-20260323190000.mp4
3/23/2026 19:15,626,1.1,Brooklyn + Signage,coach2,Coach-2-hour-10-20260323190000.mp4
3/23/2026 19:17,640,4.9,Brooklyn + Signage,coach2,Coach-2-hour-10-20260323190000.mp4
3/23/2026 19:04,667,2.0,Brooklyn + Signage,coach2,Coach-2-hour-10-20260323190000.mp4
3/23/2026 19:57,676,10.9,Brooklyn + Signage,coach2,Coach-2-hour-10-20260323190000.mp4
3/23/2026 19:54,682,0.6,Brooklyn + Signage,coach2,Coach-2-hour-10-20260323190000.mp4
3/23/2026 19:38,699,112.65,Brooklyn + Signage,coach2,Coach-2-hour-10-20260323190000.mp4
3/23/2026 19:13,714,0.1,Brooklyn + Signage,coach2,Coach-2-hour-10-20260323190000.mp4
3/23/2026 19:56,728,10.8,Brooklyn + Signage,coach2,Coach-2-hour-10-20260323190000.mp4
3/23/2026 19:40,743,4.0,Brooklyn + Signage,coach2,Coach-2-hour-10-20260323190000.mp4
3/23/2026 19:16,751,2.3,Brooklyn + Signage,coach2,Coach-2-hour-10-20260323190000.mp4
3/23/2026 19:49,752,6.0,Brooklyn + Signage,coach2,Coach-2-hour-10-20260323190000.mp4
3/23/2026 19:30,762,14.69,Brooklyn + Signage,coach2,Coach-2-hour-10-20260323190000.mp4
3/23/2026 19:27,800,0.1,Brooklyn + Signage,coach2,Coach-2-hour-10-20260323190000.mp4
3/23/2026 19:40,865,9.0,Brooklyn + Signage,coach2,Coach-2-hour-10-20260323190000.mp4
3/23/2026 19:53,866,1.2,Brooklyn + Signage,coach2,Coach-2-hour-10-20260323190000.mp4
3/23/2026 19:56,898,2.3,Brooklyn + Signage,coach2,Coach-2-hour-10-20260323190000.mp4
3/23/2026 20:44,14,3.6,Brooklyn + Signage,coach2,Coach-2-hour-11-20260323200000.mp4
3/23/2026 20:02,16,39.88,Brooklyn + Signage,coach2,Coach-2-hour-11-20260323200000.mp4
3/23/2026 20:02,17,190.72,Brooklyn + Signage,coach2,Coach-2-hour-11-20260323200000.mp4
3/23/2026 20:06,22,1.5,Brooklyn + Signage,coach2,Coach-2-hour-11-20260323200000.mp4
3/23/2026 20:04,37,22.09,Brooklyn + Signage,coach2,Coach-2-hour-11-20260323200000.mp4
3/23/2026 20:04,38,12.19,Brooklyn + Signage,coach2,Coach-2-hour-11-20260323200000.mp4
3/23/2026 20:44,45,3.9,Brooklyn + Signage,coach2,Coach-2-hour-11-20260323200000.mp4
3/23/2026 20:00,54,2.5,Brooklyn + Signage,coach2,Coach-2-hour-11-20260323200000.mp4
3/23/2026 20:06,61,1.6,Brooklyn + Signage,coach2,Coach-2-hour-11-20260323200000.mp4
3/23/2026 20:24,75,13.29,Brooklyn + Signage,coach2,Coach-2-hour-11-20260323200000.mp4
3/23/2026 20:24,93,0.5,Brooklyn + Signage,coach2,Coach-2-hour-11-20260323200000.mp4
3/23/2026 20:02,96,2.9,Brooklyn + Signage,coach2,Coach-2-hour-11-20260323200000.mp4
3/23/2026 20:03,109,1323.63,Brooklyn + Signage,coach2,Coach-2-hour-11-20260323200000.mp4
3/23/2026 20:24,111,68.47,Brooklyn + Signage,coach2,Coach-2-hour-11-20260323200000.mp4
3/23/2026 20:00,114,0.5,Brooklyn + Signage,coach2,Coach-2-hour-11-20260323200000.mp4
3/23/2026 20:05,119,0.8,Brooklyn + Signage,coach2,Coach-2-hour-11-20260323200000.mp4
3/23/2026 20:25,131,3.0,Brooklyn + Signage,coach2,Coach-2-hour-11-20260323200000.mp4
3/23/2026 20:09,136,4.8,Brooklyn + Signage,coach2,Coach-2-hour-11-20260323200000.mp4
3/23/2026 20:02,150,27.49,Brooklyn + Signage,coach2,Coach-2-hour-11-20260323200000.mp4
3/23/2026 20:00,163,3.8,Brooklyn + Signage,coach2,Coach-2-hour-11-20260323200000.mp4
3/23/2026 20:41,179,2.0,Brooklyn + Signage,coach2,Coach-2-hour-11-20260323200000.mp4
3/23/2026 20:41,180,159.23,Brooklyn + Signage,coach2,Coach-2-hour-11-20260323200000.mp4
3/23/2026 20:44,190,0.4,Brooklyn + Signage,coach2,Coach-2-hour-11-20260323200000.mp4
3/23/2026 20:44,213,1.0,Brooklyn + Signage,coach2,Coach-2-hour-11-20260323200000.mp4
3/23/2026 20:24,228,0.3,Brooklyn + Signage,coach2,Coach-2-hour-11-20260323200000.mp4
3/23/2026 20:44,241,1.5,Brooklyn + Signage,coach2,Coach-2-hour-11-20260323200000.mp4
3/23/2026 20:25,249,1141.1,Brooklyn + Signage,coach2,Coach-2-hour-11-20260323200000.mp4
3/23/2026 20:05,286,2.7,Brooklyn + Signage,coach2,Coach-2-hour-11-20260323200000.mp4
3/23/2026 20:02,299,2.1,Brooklyn + Signage,coach2,Coach-2-hour-11-20260323200000.mp4
3/23/2026 20:08,345,1.8,Brooklyn + Signage,coach2,Coach-2-hour-11-20260323200000.mp4
3/23/2026 20:05,356,14.39,Brooklyn + Signage,coach2,Coach-2-hour-11-20260323200000.mp4
3/23/2026 20:00,357,2.1,Brooklyn + Signage,coach2,Coach-2-hour-11-20260323200000.mp4
3/23/2026 20:26,371,40.48,Brooklyn + Signage,coach2,Coach-2-hour-11-20260323200000.mp4
3/23/2026 20:05,431,3.8,Brooklyn + Signage,coach2,Coach-2-hour-11-20260323200000.mp4
3/23/2026 20:03,440,3.6,Brooklyn + Signage,coach2,Coach-2-hour-11-20260323200000.mp4
3/23/2026 20:02,452,1382.2,Brooklyn + Signage,coach2,Coach-2-hour-11-20260323200000.mp4
3/23/2026 20:08,455,0.2,Brooklyn + Signage,coach2,Coach-2-hour-11-20260323200000.mp4
3/23/2026 20:05,479,1137.61,Brooklyn + Signage,coach2,Coach-2-hour-11-20260323200000.mp4
3/23/2026 20:44,482,1.2,Brooklyn + Signage,coach2,Coach-2-hour-11-20260323200000.mp4
3/23/2026 20:41,510,0.6,Brooklyn + Signage,coach2,Coach-2-hour-11-20260323200000.mp4
3/23/2026 20:24,512,2.0,Brooklyn + Signage,coach2,Coach-2-hour-11-20260323200000.mp4
3/23/2026 20:08,553,1.8,Brooklyn + Signage,coach2,Coach-2-hour-11-20260323200000.mp4
3/23/2026 20:02,583,6.0,Brooklyn + Signage,coach2,Coach-2-hour-11-20260323200000.mp4
3/23/2026 20:06,664,3.2,Brooklyn + Signage,coach2,Coach-2-hour-11-20260323200000.mp4
3/23/2026 20:40,671,0.2,Brooklyn + Signage,coach2,Coach-2-hour-11-20260323200000.mp4
3/23/2026 20:06,720,2.1,Brooklyn + Signage,coach2,Coach-2-hour-11-20260323200000.mp4
3/23/2026 20:03,801,2.8,Brooklyn + Signage,coach2,Coach-2-hour-11-20260323200000.mp4
3/23/2026 20:05,898,0.3,Brooklyn + Signage,coach2,Coach-2-hour-11-20260323200000.mp4
